Workbook

Sheet Sheet3

Sheet E0
A1: Div | B1: Date | C1: Time | D1: HomeTeam | E1: AwayTeam | F1: FTHG | G1: FTAG | H1: FTR | I1: HTHG | J1: HTAG | K1: HTR | L1: Referee | M1: HS | N1: AS | O1: HST | P1: AST | Q1: HF | R1: AF | S1: HC | T1: AC | U1: HY | V1: AY | W1: HR | X1: AR | Y1: B365H | Z1: B365D | AA1: B365A | AB1: BWH | AC1: BWD | AD1: BWA | AE1: BFH | AF1: BFD | AG1: BFA | AH1: PSH | AI1: PSD | AJ1: PSA | AK1: WHH | AL1: WHD | AM1: WHA | AN1: 1XBH | AO1: 1XBD | AP1: 1XBA | AQ1: MaxH | AR1: MaxD | AS1: MaxA | AT1: AvgH | AU1: AvgD | AV1: AvgA | AW1: BFEH | AX1: BFED | AY1: BFEA | AZ1: B365>2.5 | BA1: B365<2.5 | BB1: P>2.5 | BC1: P<2.5 | BD1: Max>2.5 | BE1: Max<2.5 | BF1: Avg>2.5 | BG1: Avg<2.5 | BH1: BFE>2.5 | BI1: BFE<2.5 | BJ1: AHh | BK1: B365AHH | BL1: B365AHA | BM1: PAHH | BN1: PAHA | BO1: MaxAHH | BP1: MaxAHA | BQ1: AvgAHH | BR1: AvgAHA | BS1: BFEAHH | BT1: BFEAHA | BU1: B365CH | BV1: B365CD | BW1: B365CA | BX1: BWCH | BY1: BWCD | BZ1: BWCA | CA1: BFCH | CB1: BFCD | CC1: BFCA | CD1: PSCH | CE1: PSCD | CF1: PSCA | CG1: WHCH | CH1: WHCD | CI1: WHCA | CJ1: 1XBCH | CK1: 1XBCD | CL1: 1XBCA | CM1: MaxCH | CN1: MaxCD | CO1: MaxCA | CP1: AvgCH | CQ1: AvgCD | CR1: AvgCA | CS1: BFECH | CT1: BFECD | CU1: BFECA | CV1: B365C>2.5 | CW1: B365C<2.5 | CX1: PC>2.5 | CY1: PC<2.5 | CZ1: MaxC>2.5 | DA1: MaxC<2.5 | DB1: AvgC>2.5 | DC1: AvgC<2.5 | DD1: BFEC>2.5 | DE1: BFEC<2.5 | DF1: AHCh | DG1: B365CAHH | DH1: B365CAHA | DI1: PCAHH | DJ1: PCAHA | DK1: MaxCAHH | DL1: MaxCAHA | DM1: AvgCAHH | DN1: AvgCAHA | DO1: BFECAHH | DP1: BFECAHA
A2: E0 | B2: 16/08/2024 | C2: 0.83333333 | D2: Man United | E2: Fulham | F2: 1 | G2: 0 | H2: H | I2: 0 | J2: 0 | K2: D | L2: R Jones | M2: 14 | N2: 10 | O2: 5 | P2: 2 | Q2: 12 | R2: 10 | S2: 7 | T2: 8 | U2: 2 | V2: 3 | W2: 0 | X2: 0 | Y2: 1.6 | Z2: 4.2 | AA2: 5.25 | AB2: 1.6 | AC2: 4.4 | AD2: 5.25 | AE2: 1.6 | AF2: 4.33 | AG2: 5 | AH2: 1.63 | AI2: 4.38 | AJ2: 5.3 | AK2: 1.65 | AL2: 4.2 | AM2: 5 | AN2: 1.68 | AO2: 4.32 | AP2: 5.03 | AQ2: 1.68 | AR2: 4.5 | AS2: 5.5 | AT2: 1.62 | AU2: 4.36 | AV2: 5.15 | AW2: 1.66 | AX2: 4.5 | AY2: 5.6 | AZ2: 1.53 | BA2: 2.5 | BB2: 1.56 | BC2: 2.56 | BD2: 1.57 | BE2: 2.6 | BF2: 1.53 | BG2: 2.52 | BH2: 1.59 | BI2: 2.64 | BJ2: -1 | BK2: 2.05 | BL2: 1.88 | BM2: 2.07 | BN2: 1.86 | BO2: 2.07 | BP2: 1.89 | BQ2: 2.03 | BR2: 1.85 | BS2: 2.1 | BT2: 1.88 | BU2: 1.67 | BV2: 4.1 | BW2: 5 | BX2: 1.65 | BY2: 4.2 | BZ2: 4.8 | CA2: 1.62 | CB2: 4 | CC2: 5 | CD2: 1.65 | CE2: 4.23 | CF2: 5.28 | CG2: 1.6 | CH2: 4.2 | CI2: 5.5 | CJ2: 1.66 | CK2: 4.15 | CL2: 5.33 | CM2: 1.7 | CN2: 4.33 | CO2: 5.5 | CP2: 1.66 | CQ2: 4.2 | CR2: 5.02 | CS2: 1.72 | CT2: 4.2 | CU2: 5.4 | CV2: 1.62 | CW2: 2.3 | CX2: 1.63 | CY2: 2.38 | CZ2: 1.66 | DA2: 2.45 | DB2: 1.61 | DC2: 2.37 | DD2: 1.68 | DE2: 2.46 | DF2: -0.75 | DG2: 1.86 | DH2: 2.07 | DI2: 1.83 | DJ2: 2.11 | DK2: 1.88 | DL2: 2.11 | DM2: 1.82 | DN2: 2.05 | DO2: 1.9 | DP2: 2.08
A3: E0 | B3: 17/08/2024 | C3: 0.52083333 | D3: Ipswich | E3: Liverpool | F3: 0 | G3: 2 | H3: A | I3: 0 | J3: 0 | K3: D | L3: T Robinson | M3: 7 | N3: 18 | O3: 2 | P3: 5 | Q3: 9 | R3: 18 | S3: 2 | T3: 10 | U3: 3 | V3: 1 | W3: 0 | X3: 0 | Y3: 8.5 | Z3: 5.5 | AA3: 1.33 | AB3: 7.5 | AC3: 5.5 | AD3: 1.36 | AE3: 8.5 | AF3: 5.5 | AG3: 1.33 | AH3: 8.18 | AI3: 5.84 | AJ3: 1.34 | AK3: 8.5 | AL3: 5.5 | AM3: 1.33 | AN3: 8.6 | AO3: 5.85 | AP3: 1.35 | AQ3: 9 | AR3: 6.1 | AS3: 1.37 | AT3: 8.28 | AU3: 5.76 | AV3: 1.34 | AW3: 9.4 | AX3: 6.2 | AY3: 1.36 | AZ3: 1.4 | BA3: 3 | BB3: 1.41 | BC3: 3 | BD3: 1.43 | BE3: 3.07 | BF3: 1.41 | BG3: 2.94 | BH3: 1.45 | BI3: 3.15 | BJ3: 1.5 | BK3: 2.02 | BL3: 1.91 | BM3: 1.99 | BN3: 1.92 | BO3: 2.02 | BP3: 1.95 | BQ3: 1.97 | BR3: 1.9 | BS3: 2.04 | BT3: 1.93 | BU3: 8 | BV3: 5.75 | BW3: 1.33 | BX3: 8 | BY3: 5.75 | BZ3: 1.34 | CA3: 7.5 | CB3: 5.5 | CC3: 1.33 | CD3: 8.14 | CE3: 6.09 | CF3: 1.34 | CG3: 8 | CH3: 5.5 | CI3: 1.35 | CJ3: 8.57 | CK3: 5.85 | CL3: 1.34 | CM3: 8.57 | CN3: 6.25 | CO3: 1.39 | CP3: 7.87 | CQ3: 5.81 | CR3: 1.35 | CS3: 8.6 | CT3: 6.2 | CU3: 1.37 | CV3: 1.36 | CW3: 3.2 | CX3: 1.37 | CY3: 3.3 | CZ3: 1.4 | DA3: 3.38 | DB3: 1.37 | DC3: 3.18 | DD3: 1.4 | DE3: 3.4 | DF3: 1.5 | DG3: 2.05 | DH3: 1.88 | DI3: 2.04 | DJ3: 1.9 | DK3: 2.2 | DL3: 2 | DM3: 1.99 | DN3: 1.88 | DO3: 2.04 | DP3: 1.93
A4: E0 | B4: 17/08/2024 | C4: 0.625 | D4: Arsenal | E4: Wolves | F4: 2 | G4: 0 | H4: H | I4: 1 | J4: 0 | K4: H | L4: J Gillett | M4: 18 | N4: 9 | O4: 6 | P4: 3 | Q4: 17 | R4: 14 | S4: 8 | T4: 2 | U4: 2 | V4: 2 | W4: 0 | X4: 0 | Y4: 1.18 | Z4: 7.5 | AA4: 13 | AB4: 1.2 | AC4: 7.5 | AD4: 13.5 | AE4: 1.15 | AF4: 8 | AG4: 16 | AH4: 1.16 | AI4: 8.56 | AJ4: 16.22 | AK4: 1.18 | AL4: 7 | AM4: 17 | AN4: 1.2 | AO4: 7.65 | AP4: 16 | AQ4: 1.2 | AR4: 9.1 | AS4: 18 | AT4: 1.18 | AU4: 7.86 | AV4: 15.87 | AW4: 1.19 | AX4: 9 | AY4: 18 | AZ4: 1.44 | BA4: 2.75 | BB4: 1.46 | BC4: 2.79 | BD4: 1.5 | BE4: 2.82 | BF4: 1.46 | BG4: 2.7 | BH4: 1.53 | BI4: 2.84 | BJ4: -2 | BK4: 1.93 | BL4: 2 | BM4: 1.88 | BN4: 2 | BO4: 1.97 | BP4: 2 | BQ4: 1.9 | BR4: 1.96 | BS4: 1.94 | BT4: 2 | BU4: 1.14 | BV4: 8.5 | BW4: 15 | BX4: 1.16 | BY4: 8.5 | BZ4: 18 | CA4: 1.13 | CB4: 8.5 | CC4: 17 | CD4: 1.15 | CE4: 9.05 | CF4: 18.76 | CG4: 1.15 | CH4: 8 | CI4: 19 | CJ4: 1.16 | CK4: 9.39 | CL4: 16.6 | CM4: 1.17 | CN4: 9.4 | CO4: 21 | CP4: 1.15 | CQ4: 8.62 | CR4: 18.11 | CS4: 1.17 | CT4: 9.4 | CU4: 21 | CV4: 1.4 | CW4: 3 | CX4: 1.41 | CY4: 2.98 | CZ4: 1.45 | DA4: 3 | DB4: 1.42 | DC4: 2.93 | DD4: 1.44 | DE4: 3.2 | DF4: -2.25 | DG4: 2.02 | DH4: 1.91 | DI4: 2 | DJ4: 1.9 | DK4: 2.05 | DL4: 1.93 | DM4: 1.99 | DN4: 1.87 | DO4: 2.02 | DP4: 1.96
A5: E0 | B5: 17/08/2024 | C5: 0.625 | D5: Everton | E5: Brighton | F5: 0 | G5: 3 | H5: A | I5: 0 | J5: 1 | K5: A | L5: S Hooper | M5: 9 | N5: 10 | O5: 1 | P5: 5 | Q5: 8 | R5: 8 | S5: 1 | T5: 5 | U5: 1 | V5: 1 | W5: 1 | X5: 0 | Y5: 2.63 | Z5: 3.3 | AA5: 2.63 | AB5: 2.65 | AC5: 3.4 | AD5: 2.6 | AE5: 2.7 | AF5: 3.4 | AG5: 2.63 | AH5: 2.73 | AI5: 3.36 | AJ5: 2.71 | AK5: 2.6 | AL5: 3.5 | AM5: 2.7 | AN5: 2.68 | AO5: 3.66 | AP5: 2.63 | AQ5: 2.76 | AR5: 3.66 | AS5: 2.78 | AT5: 2.67 | AU5: 3.41 | AV5: 2.68 | AW5: 2.78 | AX5: 3.5 | AY5: 2.78 | AZ5: 1.8 | BA5: 2 | BB5: 1.83 | BC5: 2.05 | BD5: 1.85 | BE5: 2.08 | BF5: 1.81 | BG5: 2.04 | BH5: 1.88 | BI5: 2.08 | BJ5: 0 | BK5: 1.96 | BL5: 1.97 | BM5: 1.96 | BN5: 1.94 | BO5: 1.97 | BP5: 1.97 | BQ5: 1.94 | BR5: 1.94 | BS5: 1.99 | BT5: 1.99 | BU5: 3.1 | BV5: 3.4 | BW5: 2.3 | BX5: 3 | BY5: 3.4 | BZ5: 2.37 | CA5: 3 | CB5: 3.3 | CC5: 2.3 | CD5: 3.15 | CE5: 3.41 | CF5: 2.4 | CG5: 3.1 | CH5: 3.3 | CI5: 2.4 | CJ5: 3.16 | CK5: 3.47 | CL5: 2.34 | CM5: 3.16 | CN5: 3.5 | CO5: 2.45 | CP5: 3.06 | CQ5: 3.4 | CR5: 2.38 | CS5: 3.15 | CT5: 3.55 | CU5: 2.46 | CV5: 1.93 | CW5: 1.97 | CX5: 1.93 | CY5: 1.97 | CZ5: 1.95 | DA5: 2 | DB5: 1.89 | DC5: 1.96 | DD5: 1.94 | DE5: 2.04 | DF5: 0.25 | DG5: 1.87 | DH5: 2.06 | DI5: 1.86 | DJ5: 2.07 | DK5: 1.92 | DL5: 2.1 | DM5: 1.83 | DN5: 2.04 | DO5: 1.88 | DP5: 2.11
A6: E0 | B6: 17/08/2024 | C6: 0.625 | D6: Newcastle | E6: Southampton | F6: 1 | G6: 0 | H6: H | I6: 1 | J6: 0 | K6: H | L6: C Pawson | M6: 3 | N6: 19 | O6: 1 | P6: 4 | Q6: 15 | R6: 16 | S6: 3 | T6: 12 | U6: 2 | V6: 4 | W6: 1 | X6: 0 | Y6: 1.36 | Z6: 5.25 | AA6: 8 | AB6: 1.35 | AC6: 5.5 | AD6: 7.75 | AE6: 1.33 | AF6: 5.5 | AG6: 8.5 | AH6: 1.35 | AI6: 5.7 | AJ6: 8.25 | AK6: 1.35 | AL6: 5.5 | AM6: 8 | AN6: 1.37 | AO6: 5.74 | AP6: 8.1 | AQ6: 1.37 | AR6: 5.9 | AS6: 8.6 | AT6: 1.35 | AU6: 5.62 | AV6: 8.1 | AW6: 1.37 | AX6: 6 | AY6: 9.2 | AZ6: 1.4 | BA6: 3 | BB6: 1.4 | BC6: 3.09 | BD6: 1.42 | BE6: 3.12 | BF6: 1.4 | BG6: 3.01 | BH6: 1.43 | BI6: 3.15 | BJ6: -1.5 | BK6: 1.98 | BL6: 1.95 | BM6: 1.94 | BN6: 1.96 | BO6: 1.99 | BP6: 1.98 | BQ6: 1.93 | BR6: 1.93 | BS6: 1.94 | BT6: 2.01 | BU6: 1.4 | BV6: 5 | BW6: 7 | BX6: 1.39 | BY6: 5.25 | BZ6: 7.25 | CA6: 1.36 | CB6: 5 | CC6: 7.5 | CD6: 1.42 | CE6: 5.3 | CF6: 7.26 | CG6: 1.4 | CH6: 5 | CI6: 7.5 | CJ6: 1.39 | CK6: 5.34 | CL6: 7.9 | CM6: 1.44 | CN6: 5.75 | CO6: 8 | CP6: 1.39 | CQ6: 5.27 | CR6: 7.33 | CS6: 1.43 | CT6: 5.5 | CU6: 8.2 | CV6: 1.44 | CW6: 2.75 | CX6: 1.46 | CY6: 2.85 | CZ6: 1.46 | DA6: 3.05 | DB6: 1.43 | DC6: 2.84 | DD6: 1.49 | DE6: 2.98 | DF6: -1.25 | DG6: 1.87 | DH6: 2.06 | DI6: 1.88 | DJ6: 2.06 | DK6: 1.89 | DL6: 2.1 | DM6: 1.82 | DN6: 2.05 | DO6: 1.89 | DP6: 2.1
A7: E0 | B7: 17/08/2024 | C7: 0.625 | D7: Nott'm Forest | E7: Bournemouth | F7: 1 | G7: 1 | H7: D | I7: 1 | J7: 0 | K7: H | L7: M Oliver | M7: 14 | N7: 13 | O7: 8 | P7: 4 | Q7: 17 | R7: 8 | S7: 2 | T7: 6 | U7: 1 | V7: 3 | W7: 0 | X7: 0 | Y7: 2.45 | Z7: 3.5 | AA7: 2.8 | AB7: 2.45 | AC7: 3.5 | AD7: 2.8 | AE7: 2.45 | AF7: 3.5 | AG7: 2.88 | AH7: 2.47 | AI7: 3.42 | AJ7: 2.97 | AK7: 2.5 | AL7: 3.5 | AM7: 2.8 | AN7: 2.46 | AO7: 3.7 | AP7: 2.87 | AQ7: 2.51 | AR7: 3.7 | AS7: 3 | AT7: 2.45 | AU7: 3.49 | AV7: 2.89 | AW7: 2.54 | AX7: 3.6 | AY7: 3 | AZ7: 1.73 | BA7: 2.1 | BB7: 1.79 | BC7: 2.11 | BD7: 1.81 | BE7: 2.14 | BF7: 1.77 | BG7: 2.08 | BH7: 1.83 | BI7: 2.16 | BJ7: 0 | BK7: 1.82 | BL7: 2.11 | BM7: 1.78 | BN7: 2.14 | BO7: 1.83 | BP7: 2.14 | BQ7: 1.8 | BR7: 2.09 | BS7: 1.83 | BT7: 2.17 | BU7: 2.2 | BV7: 3.4 | BW7: 3.25 | BX7: 2.2 | BY7: 3.4 | BZ7: 3.25 | CA7: 2.2 | CB7: 3.3 | CC7: 3.25 | CD7: 2.24 | CE7: 3.5 | CF7: 3.37 | CG7: 2.25 | CH7: 3.4 | CI7: 3.25 | CJ7: 2.26 | CK7: 3.49 | CL7: 3.33 | CM7: 2.38 | CN7: 3.55 | CO7: 3.37 | CP7: 2.25 | CQ7: 3.44 | CR7: 3.23 | CS7: 2.3 | CT7: 3.5 | CU7: 3.5 | CV7: 1.89 | CW7: 2.01 | CX7: 1.89 | CY7: 2.02 | CZ7: 1.93 | DA7: 2.04 | DB7: 1.87 | DC7: 1.96 | DD7: 1.91 | DE7: 2.08 | DF7: -0.25 | DG7: 1.94 | DH7: 1.99 | DI7: 1.94 | DJ7: 1.98 | DK7: 2.05 | DL7: 2 | DM7: 1.93 | DN7: 1.93 | DO7: 1.96 | DP7: 2.02
A8: E0 | B8: 17/08/2024 | C8: 0.72916667 | D8: West Ham | E8: Aston Villa | F8: 1 | G8: 2 | H8: A | I8: 1 | J8: 1 | K8: D | L8: T Harrington | M8: 14 | N8: 15 | O8: 3 | P8: 3 | Q8: 18 | R8: 11 | S8: 5 | T8: 3 | U8: 1 | V8: 2 | W8: 0 | X8: 0 | Y8: 2.45 | Z8: 3.6 | AA8: 2.75 | AB8: 2.45 | AC8: 3.6 | AD8: 2.7 | AE8: 2.4 | AF8: 3.6 | AG8: 2.8 | AH8: 2.49 | AI8: 3.65 | AJ8: 2.8 | AK8: 2.4 | AL8: 3.75 | AM8: 2.75 | AN8: 2.42 | AO8: 3.91 | AP8: 2.81 | AQ8: 2.49 | AR8: 3.91 | AS8: 2.87 | AT8: 2.44 | AU8: 3.69 | AV8: 2.79 | AW8: 2.5 | AX8: 3.75 | AY8: 2.94 | AZ8: 1.57 | BA8: 2.38 | BB8: 1.59 | BC8: 2.46 | BD8: 1.59 | BE8: 2.52 | BF8: 1.57 | BG8: 2.43 | BH8: 1.63 | BI8: 2.52 | BJ8: -0.25 | BK8: 2.08 | BL8: 1.73 | BM8: 2.16 | BN8: 1.76 | BO8: 2.16 | BP8: 1.82 | BQ8: 2.1 | BR8: 1.78 | BS8: 2.17 | BT8: 1.84 | BU8: 2.4 | BV8: 3.5 | BW8: 2.8 | BX8: 2.5 | BY8: 3.5 | BZ8: 2.75 | CA8: 2.38 | CB8: 3.4 | CC8: 2.8 | CD8: 2.54 | CE8: 3.51 | CF8: 2.86 | CG8: 2.5 | CH8: 3.5 | CI8: 2.8 | CJ8: 2.56 | CK8: 3.6 | CL8: 2.77 | CM8: 2.56 | CN8: 3.6 | CO8: 2.91 | CP8: 2.47 | CQ8: 3.51 | CR8: 2.83 | CS8: 2.54 | CT8: 3.65 | CU8: 2.98 | CV8: 1.73 | CW8: 2.1 | CX8: 1.72 | CY8: 2.21 | CZ8: 1.73 | DA8: 2.32 | DB8: 1.68 | DC8: 2.22 | DD8: 1.74 | DE8: 2.32 | DF8: 0 | DG8: 1.83 | DH8: 2.1 | DI8: 1.85 | DJ8: 2.09 | DK8: 1.86 | DL8: 2.14 | DM8: 1.82 | DN8: 2.08 | DO8: 1.84 | DP8: 2.18
A9: E0 | B9: 18/08/2024 | C9: 0.58333333 | D9: Brentford | E9: Crystal Palace | F9: 2 | G9: 1 | H9: H | I9: 1 | J9: 0 | K9: H | L9: S Barrott | M9: 9 | N9: 14 | O9: 5 | P9: 6 | Q9: 6 | R9: 15 | S9: 4 | T9: 7 | U9: 1 | V9: 5 | W9: 0 | X9: 0 | Y9: 2.4 | Z9: 3.4 | AA9: 2.9 | AB9: 2.4 | AC9: 3.4 | AD9: 2.87 | AE9: 2.45 | AF9: 3.4 | AG9: 2.88 | AH9: 2.5 | AI9: 3.4 | AJ9: 2.95 | AK9: 2.45 | AL9: 3.5 | AM9: 2.88 | AN9: 2.47 | AO9: 3.66 | AP9: 2.88 | AQ9: 2.52 | AR9: 3.66 | AS9: 2.99 | AT9: 2.46 | AU9: 3.44 | AV9: 2.9 | AW9: 2.54 | AX9: 3.55 | AY9: 3 | AZ9: 1.8 | BA9: 2 | BB9: 1.83 | BC9: 2.05 | BD9: 1.85 | BE9: 2.08 | BF9: 1.81 | BG9: 2.03 | BH9: 1.84 | BI9: 2.14 | BJ9: -0.25 | BK9: 2.11 | BL9: 1.82 | BM9: 2.15 | BN9: 1.78 | BO9: 2.15 | BP9: 1.82 | BQ9: 2.1 | BR9: 1.78 | BS9: 2.18 | BT9: 1.83 | BU9: 2.88 | BV9: 3.2 | BW9: 2.55 | BX9: 2.8 | BY9: 3.2 | BZ9: 2.6 | CA9: 2.8 | CB9: 3.25 | CC9: 2.63 | CD9: 2.92 | CE9: 3.24 | CF9: 2.66 | CG9: 3 | CH9: 3.2 | CI9: 2.5 | CJ9: 2.98 | CK9: 3.3 | CL9: 2.56 | CM9: 3 | CN9: 3.4 | CO9: 2.72 | CP9: 2.85 | CQ9: 3.28 | CR9: 2.62 | CS9: 2.94 | CT9: 3.35 | CU9: 2.74 | CV9: 2.07 | CW9: 1.83 | CX9: 2.09 | CY9: 1.83 | CZ9: 2.09 | DA9: 1.91 | DB9: 2 | DC9: 1.85 | DD9: 2.1 | DE9: 1.89 | DF9: 0 | DG9: 2.07 | DH9: 1.86 | DI9: 2.06 | DJ9: 1.88 | DK9: 2.11 | DL9: 1.88 | DM9: 2.05 | DN9: 1.85 | DO9: 2.07 | DP9: 1.92
A10: E0 | B10: 18/08/2024 | C10: 0.6875 | D10: Chelsea | E10: Man City | F10: 0 | G10: 2 | H10: A | I10: 0 | J10: 1 | K10: A | L10: A Taylor | M10: 10 | N10: 11 | O10: 3 | P10: 5 | Q10: 12 | R10: 9 | S10: 4 | T10: 3 | U10: 1 | V10: 1 | W10: 0 | X10: 0 | Y10: 4.1 | Z10: 3.9 | AA10: 1.8 | AB10: 3.9 | AC10: 4.1 | AD10: 1.82 | AE10: 4.1 | AF10: 3.9 | AG10: 1.8 | AH10: 4.19 | AI10: 3.93 | AJ10: 1.84 | AK10: 4 | AL10: 4 | AM10: 1.83 | AN10: 4.02 | AO10: 4.22 | AP10: 1.85 | AQ10: 4.3 | AR10: 4.22 | AS10: 1.88 | AT10: 4.05 | AU10: 4 | AV10: 1.83 | AW10: 4.3 | AX10: 4.1 | AY10: 1.87 | AZ10: 1.5 | BA10: 2.63 | BB10: 1.52 | BC10: 2.62 | BD10: 1.53 | BE10: 2.69 | BF10: 1.5 | BG10: 2.59 | BH10: 1.56 | BI10: 2.68 | BJ10: 0.5 | BK10: 2.07 | BL10: 1.86 | BM10: 2.06 | BN10: 1.85 | BO10: 2.08 | BP10: 1.86 | BQ10: 2.03 | BR10: 1.83 | BS10: 2.12 | BT10: 1.87 | BU10: 3.6 | BV10: 3.9 | BW10: 1.95 | BX10: 3.6 | BY10: 3.75 | BZ10: 1.98 | CA10: 3.6 | CB10: 3.8 | CC10: 2 | CD10: 3.86 | CE10: 3.91 | CF10: 1.97 | CG10: 3.5 | CH10: 3.9 | CI10: 2 | CJ10: 3.89 | CK10: 3.96 | CL10: 1.92 | CM10: 3.89 | CN10: 3.96 | CO10: 2.05 | CP10: 3.64 | CQ10: 3.83 | CR10: 1.98 | CS10: 3.75 | CT10: 3.9 | CU10: 2.06 | CV10: 1.57 | CW10: 2.38 | CX10: 1.58 | CY10: 2.51 | CZ10: 1.61 | DA10: 2.52 | DB10: 1.56 | DC10: 2.45 | DD10: 1.62 | DE10: 2.6 | DF10: 0.5 | DG10: 1.94 | DH10: 1.99 | DI10: 1.96 | DJ10: 1.97 | DK10: 1.96 | DL10: 2 | DM10: 1.9 | DN10: 1.96 | DO10: 1.93 | DP10: 2.07
A11: E0 | B11: 19/08/2024 | C11: 0.83333333 | D11: Leicester | E11: Tottenham | F11: 1 | G11: 1 | H11: D | I11: 0 | J11: 1 | K11: A | L11: C Kavanagh | M11: 7 | N11: 15 | O11: 3 | P11: 7 | Q11: 11 | R11: 12 | S11: 2 | T11: 13 | U11: 1 | V11: 1 | W11: 0 | X11: 0 | Y11: 5 | Z11: 4.33 | AA11: 1.62 | AB11: 5 | AC11: 4.33 | AD11: 1.63 | AE11: 5 | AF11: 4.33 | AG11: 1.57 | AH11: 5.09 | AI11: 4.39 | AJ11: 1.63 | AK11: 5 | AL11: 4.33 | AM11: 1.65 | AN11: 4.98 | AO11: 4.52 | AP11: 1.66 | AQ11: 5.3 | AR11: 4.52 | AS11: 1.67 | AT11: 5.01 | AU11: 4.37 | AV11: 1.63 | AW11: 5.4 | AX11: 4.6 | AY11: 1.65 | AZ11: 1.53 | BA11: 2.5 | BB11: 1.53 | BC11: 2.61 | BD11: 1.55 | BE11: 2.63 | BF11: 1.52 | BG11: 2.54 | BH11: 1.56 | BI11: 2.7 | BJ11: 1 | BK11: 1.86 | BL11: 2.07 | BM11: 1.86 | BN11: 2.05 | BO11: 1.86 | BP11: 2.09 | BQ11: 1.83 | BR11: 2.03 | BS11: 1.91 | BT11: 2.06 | BU11: 4.5 | BV11: 4.2 | BW11: 1.7 | BX11: 4.33 | BY11: 4.2 | BZ11: 1.72 | CA11: 4.33 | CB11: 4.1 | CC11: 1.7 | CD11: 4.64 | CE11: 4.33 | CF11: 1.71 | CG11: 4.6 | CH11: 4.2 | CI11: 1.7 | CJ11: 4.79 | CK11: 4.27 | CL11: 1.7 | CM11: 4.9 | CN11: 4.4 | CO11: 1.74 | CP11: 4.57 | CQ11: 4.23 | CR11: 1.71 | CS11: 4.7 | CT11: 4.4 | CU11: 1.76 | CV11: 1.57 | CW11: 2.38 | CX11: 1.54 | CY11: 2.61 | CZ11: 1.57 | DA11: 2.62 | DB11: 1.54 | DC11: 2.52 | DD11: 1.58 | DE11: 2.7 | DF11: 0.75 | DG11: 2.03 | DH11: 1.9 | DI11: 2.02 | DJ11: 1.91 | DK11: 2.06 | DL11: 1.92 | DM11: 1.99 | DN11: 1.87 | DO11: 2.03 | DP11: 1.96
A12: E0 | B12: 24/08/2024 | C12: 0.52083333 | D12: Brighton | E12: Man United | F12: 2 | G12: 1 | H12: H | I12: 1 | J12: 0 | K12: H | L12: C Pawson | M12: 14 | N12: 11 | O12: 5 | P12: 4 | Q12: 9 | R12: 13 | S12: 4 | T12: 4 | U12: 1 | V12: 2 | W12: 0 | X12: 0 | Y12: 2.5 | Z12: 3.7 | AA12: 2.63 | AB12: 2.5 | AC12: 3.75 | AD12: 2.6 | AE12: 2.5 | AF12: 3.75 | AG12: 2.7 | AH12: 2.51 | AI12: 3.66 | AJ12: 2.76 | AK12: 2.5 | AL12: 3.7 | AM12: 2.7 | AN12: 2.54 | AO12: 3.87 | AP12: 2.68 | AQ12: 2.54 | AR12: 3.87 | AS12: 2.79 | AT12: 2.5 | AU12: 3.72 | AV12: 2.69 | AW12: 2.58 | AX12: 3.9 | AY12: 2.8 | AZ12: 1.57 | BA12: 2.38 | BB12: 1.6 | BC12: 2.45 | BD12: 1.63 | BE12: 2.5 | BF12: 1.58 | BG12: 2.42 | BH12: 1.62 | BI12: 2.5 | BJ12: 0 | BK12: 1.86 | BL12: 2.04 | BM12: 1.86 | BN12: 2.05 | BO12: 1.91 | BP12: 2.06 | BQ12: 1.88 | BR12: 2.01 | BS12: 1.91 | BT12: 2.08 | BU12: 2.3 | BV12: 3.8 | BW12: 2.88 | BX12: 2.3 | BY12: 3.7 | BZ12: 2.85 | CA12: 2.3 | CB12: 3.6 | CC12: 2.8 | CD12: 2.42 | CE12: 3.76 | CF12: 2.86 | CG12: 2.38 | CH12: 3.6 | CI12: 2.88 | CJ12: 2.57 | CK12: 3.85 | CL12: 2.63 | CM12: 2.57 | CN12: 3.9 | CO12: 2.96 | CP12: 2.41 | CQ12: 3.72 | CR12: 2.81 | CS12: 2.48 | CT12: 3.85 | CU12: 2.94 | CV12: 1.53 | CW12: 2.5 | CX12: 1.54 | CY12: 2.6 | CZ12: 1.6 | DA12: 2.62 | DB12: 1.54 | DC12: 2.52 | DD12: 1.58 | DE12: 2.7 | DF12: -0.25 | DG12: 2.07 | DH12: 1.86 | DI12: 2.12 | DJ12: 1.83 | DK12: 2.2 | DL12: 1.86 | DM12: 2.09 | DN12: 1.79 | DO12: 2.15 | DP12: 1.85
A13: E0 | B13: 24/08/2024 | C13: 0.625 | D13: Crystal Palace | E13: West Ham | F13: 0 | G13: 2 | H13: A | I13: 0 | J13: 0 | K13: D | L13: R Jones | M13: 14 | N13: 18 | O13: 2 | P13: 3 | Q13: 9 | R13: 17 | S13: 3 | T13: 3 | U13: 1 | V13: 1 | W13: 0 | X13: 0 | Y13: 2.15 | Z13: 3.6 | AA13: 3.2 | AB13: 2.15 | AC13: 3.5 | AD13: 3.2 | AE13: 2.15 | AF13: 3.5 | AG13: 3.3 | AH13: 2.17 | AI13: 3.68 | AJ13: 3.33 | AK13: 2.2 | AL13: 3.5 | AM13: 3.3 | AN13: 2.19 | AO13: 3.76 | AP13: 3.31 | AQ13: 2.21 | AR13: 3.76 | AS13: 3.36 | AT13: 2.17 | AU13: 3.63 | AV13: 3.25 | AW13: 2.24 | AX13: 3.7 | AY13: 3.45 | AZ13: 1.73 | BA13: 2.1 | BB13: 1.76 | BC13: 2.15 | BD13: 1.81 | BE13: 2.19 | BF13: 1.76 | BG13: 2.1 | BH13: 1.82 | BI13: 2.18 | BJ13: -0.25 | BK13: 1.91 | BL13: 1.99 | BM13: 1.88 | BN13: 2.02 | BO13: 1.94 | BP13: 2.02 | BQ13: 1.88 | BR13: 1.98 | BS13: 1.94 | BT13: 2.05 | BU13: 1.95 | BV13: 3.9 | BW13: 3.7 | BX13: 1.93 | BY13: 3.7 | BZ13: 3.75 | CA13: 1.91 | CB13: 3.8 | CC13: 3.9 | CD13: 1.97 | CE13: 3.84 | CF13: 3.84 | CG13: 1.95 | CH13: 3.7 | CI13: 3.8 | CJ13: 1.94 | CK13: 3.96 | CL13: 3.81 | CM13: 2.15 | CN13: 3.96 | CO13: 3.93 | CP13: 1.98 | CQ13: 3.78 | CR13: 3.72 | CS13: 2 | CT13: 3.95 | CU13: 4 | CV13: 1.62 | CW13: 2.3 | CX13: 1.67 | CY13: 2.32 | CZ13: 1.76 | DA13: 2.35 | DB13: 1.67 | DC13: 2.25 | DD13: 1.71 | DE13: 2.38 | DF13: -0.5 | DG13: 1.98 | DH13: 1.95 | DI13: 1.98 | DJ13: 1.94 | DK13: 2.13 | DL13: 1.98 | DM13: 1.99 | DN13: 1.88 | DO13: 2 | DP13: 1.99
A14: E0 | B14: 24/08/2024 | C14: 0.625 | D14: Fulham | E14: Leicester | F14: 2 | G14: 1 | H14: H | I14: 1 | J14: 1 | K14: D | L14: D Bond | M14: 18 | N14: 10 | O14: 6 | P14: 4 | Q14: 14 | R14: 13 | S14: 7 | T14: 5 | U14: 2 | V14: 2 | W14: 0 | X14: 0 | Y14: 1.8 | Z14: 3.75 | AA14: 4.2 | AB14: 1.8 | AC14: 3.75 | AD14: 4.33 | AE14: 1.83 | AF14: 3.7 | AG14: 4.5 | AH14: 1.84 | AI14: 3.67 | AJ14: 4.56 | AK14: 1.83 | AL14: 3.7 | AM14: 4.33 | AN14: 1.86 | AO14: 3.89 | AP14: 4.32 | AQ14: 1.9 | AR14: 3.89 | AS14: 4.7 | AT14: 1.83 | AU14: 3.73 | AV14: 4.38 | AW14: 1.89 | AX14: 3.85 | AY14: 4.6 | AZ14: 1.89 | BA14: 2.01 | BB14: 1.9 | BC14: 1.99 | BD14: 1.91 | BE14: 2.06 | BF14: 1.87 | BG14: 1.97 | BH14: 1.96 | BI14: 2 | BJ14: -0.75 | BK14: 2.03 | BL14: 1.78 | BM14: 2.1 | BN14: 1.81 | BO14: 2.12 | BP14: 1.84 | BQ14: 2.06 | BR14: 1.8 | BS14: 2.14 | BT14: 1.85 | BU14: 1.85 | BV14: 3.75 | BW14: 4.1 | BX14: 1.9 | BY14: 3.6 | BZ14: 4 | CA14: 1.9 | CB14: 3.6 | CC14: 4.2 | CD14: 1.88 | CE14: 3.81 | CF14: 4.26 | CG14: 1.91 | CH14: 3.6 | CI14: 4.2 | CJ14: 1.89 | CK14: 3.82 | CL14: 4.18 | CM14: 1.91 | CN14: 3.9 | CO14: 4.7 | CP14: 1.88 | CQ14: 3.71 | CR14: 4.21 | CS14: 1.93 | CT14: 3.8 | CU14: 4.5 | CV14: 1.86 | CW14: 2.04 | CX14: 1.87 | CY14: 2.04 | CZ14: 1.95 | DA14: 2.1 | DB14: 1.87 | DC14: 1.98 | DD14: 1.92 | DE14: 2.08 | DF14: -0.5 | DG14: 1.88 | DH14: 2.05 | DI14: 1.88 | DJ14: 2.04 | DK14: 1.91 | DL14: 2.06 | DM14: 1.87 | DN14: 2 | DO14: 1.93 | DP14: 2.06
A15: E0 | B15: 24/08/2024 | C15: 0.625 | D15: Man City | E15: Ipswich | F15: 4 | G15: 1 | H15: H | I15: 3 | J15: 1 | K15: H | L15: M Salisbury | M15: 14 | N15: 1 | O15: 5 | P15: 1 | Q15: 4 | R15: 15 | S15: 10 | T15: 1 | U15: 2 | V15: 3 | W15: 0 | X15: 0 | Y15: 1.08 | Z15: 12 | AA15: 21 | AB15: 1.1 | AC15: 12.5 | AD15: 23 | AE15: 1.08 | AF15: 13 | AG15: 31 | AH15: 1.08 | AI15: 13.21 | AJ15: 25.71 | AK15: 1.1 | AL15: 11 | AM15: 26 | AN15: 1.1 | AO15: 12.2 | AP15: 27 | AQ15: 1.1 | AR15: 14 | AS15: 34 | AT15: 1.09 | AU15: 12.17 | AV15: 26.97 | AW15: 1.1 | AX15: 15 | AY15: 34 | AZ15: 1.3 | BA15: 3.5 | BB15: 1.29 | BC15: 3.36 | BD15: 1.3 | BE15: 3.8 | BF15: 1.29 | BG15: 3.54 | BJ15: -2.75 | BK15: 2.04 | BL15: 1.86 | BM15: 2.05 | BN15: 1.85 | BO15: 2.07 | BP15: 1.91 | BQ15: 2.01 | BR15: 1.85 | BS15: 2.07 | BT15: 1.87 | BU15: 1.1 | BV15: 10 | BW15: 23 | BX15: 1.11 | BY15: 11.5 | BZ15: 21 | CA15: 1.1 | CB15: 11 | CC15: 26 | CD15: 1.1 | CE15: 11 | CF15: 31 | CG15: 1.1 | CH15: 10 | CI15: 29 | CJ15: 1.09 | CK15: 11 | CL15: 26 | CM15: 1.12 | CN15: 15 | CO15: 32 | CP15: 1.09 | CQ15: 11.44 | CR15: 27.5 | CS15: 1.12 | CT15: 12.5 | CU15: 32 | CV15: 1.3 | CW15: 3.5 | CX15: 1.29 | CY15: 3.36 | CZ15: 1.32 | DA15: 3.75 | DB15: 1.29 | DC15: 3.62 | DD15: 1.33 | DE15: 4 | DF15: -2.5 | DG15: 1.9 | DH15: 2.03 | DI15: 1.82 | DJ15: 2.07 | DK15: 1.93 | DL15: 2.13 | DM15: 1.84 | DN15: 2.04 | DO15: 1.89 | DP15: 2.09
A16: E0 | B16: 24/08/2024 | C16: 0.625 | D16: Southampton | E16: Nott'm Forest | F16: 0 | G16: 1 | H16: A | I16: 0 | J16: 0 | K16: D | L16: S Barrott | M16: 5 | N16: 23 | O16: 1 | P16: 8 | Q16: 14 | R16: 14 | S16: 4 | T16: 10 | U16: 3 | V16: 3 | W16: 0 | X16: 0 | Y16: 2.55 | Z16: 3.3 | AA16: 2.8 | AB16: 2.5 | AC16: 3.4 | AD16: 2.8 | AE16: 2.55 | AF16: 3.4 | AG16: 2.8 | AH16: 2.59 | AI16: 3.28 | AJ16: 2.92 | AK16: 2.5 | AL16: 3.4 | AM16: 2.88 | AN16: 2.59 | AO16: 3.42 | AP16: 2.88 | AQ16: 2.66 | AR16: 3.42 | AS16: 2.92 | AT16: 2.57 | AU16: 3.32 | AV16: 2.84 | AW16: 2.62 | AX16: 3.5 | AY16: 2.96 | AZ16: 2.01 | BA16: 1.89 | BB16: 2.01 | BC16: 1.88 | BD16: 2.02 | BE16: 1.93 | BF16: 1.97 | BG16: 1.87 | BH16: 2.06 | BI16: 1.89 | BJ16: 0 | BK16: 1.83 | BL16: 2.07 | BM16: 1.84 | BN16: 2.08 | BO16: 1.85 | BP16: 2.09 | BQ16: 1.83 | BR16: 2.05 | BS16: 1.9 | BT16: 2.07 | BU16: 2.3 | BV16: 3.5 | BW16: 3 | BX16: 2.3 | BY16: 3.5 | BZ16: 3.1 | CA16: 2.3 | CB16: 3.4 | CC16: 3.1 | CD16: 2.33 | CE16: 3.54 | CF16: 3.11 | CG16: 2.3 | CH16: 3.4 | CI16: 3.2 | CJ16: 2.42 | CK16: 3.58 | CL16: 2.97 | CM16: 2.58 | CN16: 3.59 | CO16: 3.2 | CP16: 2.36 | CQ16: 3.48 | CR16: 3.04 | CS16: 2.42 | CT16: 3.6 | CU16: 3.2 | CV16: 1.8 | CW16: 2 | CX16: 1.85 | CY16: 2.07 | CZ16: 1.97 | DA16: 2.18 | DB16: 1.83 | DC16: 2.03 | DD16: 1.85 | DE16: 2.16 | DF16: -0.25 | DG16: 2.03 | DH16: 1.9 | DI16: 2.03 | DJ16: 1.88 | DK16: 2.19 | DL16: 1.91 | DM16: 2.03 | DN16: 1.84 | DO16: 2.08 | DP16: 1.91
A17: E0 | B17: 24/08/2024 | C17: 0.625 | D17: Tottenham | E17: Everton | F17: 4 | G17: 0 | H17: H | I17: 2 | J17: 0 | K17: H | L17: A Taylor | M17: 13 | N17: 10 | O17: 7 | P17: 1 | Q17: 11 | R17: 15 | S17: 12 | T17: 5 | U17: 0 | V17: 0 | W17: 0 | X17: 0 | Y17: 1.44 | Z17: 4.75 | AA17: 6.5 | AB17: 1.43 | AC17: 5 | AD17: 6.75 | AE17: 1.4 | AF17: 5 | AG17: 7 | AH17: 1.45 | AI17: 4.87 | AJ17: 7.03 | AK17: 1.44 | AL17: 4.8 | AM17: 7 | AN17: 1.47 | AO17: 5.08 | AP17: 6.81 | AQ17: 1.49 | AR17: 5.1 | AS17: 7.3 | AT17: 1.44 | AU17: 4.95 | AV17: 6.75 | AW17: 1.45 | AX17: 5.3 | AY17: 7.8 | AZ17: 1.5 | BA17: 2.63 | BB17: 1.54 | BC17: 2.59 | BD17: 1.54 | BE17: 2.63 | BF17: 1.51 | BG17: 2.55 | BH17: 1.56 | BI17: 2.72 | BJ17: -1.25 | BK17: 1.95 | BL17: 1.95 | BM17: 1.98 | BN17: 1.93 | BO17: 1.98 | BP17: 1.98 | BQ17: 1.94 | BR17: 1.91 | BS17: 1.95 | BT17: 1.99 | BU17: 1.36 | BV17: 5.25 | BW17: 7.5 | BX17: 1.37 | BY17: 5.25 | BZ17: 7.75 | CA17: 1.33 | CB17: 5.5 | CC17: 8 | CD17: 1.37 | CE17: 5.66 | CF17: 8 | CG17: 1.35 | CH17: 5.5 | CI17: 8.5 | CJ17: 1.39 | CK17: 5.38 | CL17: 7.97 | CM17: 1.41 | CN17: 5.73 | CO17: 8.5 | CP17: 1.37 | CQ17: 5.39 | CR17: 7.91 | CS17: 1.37 | CT17: 6 | CU17: 9.2 | CV17: 1.4 | CW17: 3 | CX17: 1.43 | CY17: 2.95 | CZ17: 1.5 | DA17: 3.12 | DB17: 1.42 | DC17: 2.89 | DD17: 1.48 | DE17: 3.05 | DF17: -1.5 | DG17: 1.99 | DH17: 1.94 | DI17: 2.01 | DJ17: 1.92 | DK17: 2.11 | DL17: 1.97 | DM17: 2 | DN17: 1.88 | DO17: 2 | DP17: 1.96
A18: E0 | B18: 24/08/2024 | C18: 0.72916667 | D18: Aston Villa | E18: Arsenal | F18: 0 | G18: 2 | H18: A | I18: 0 | J18: 0 | K18: D | L18: M Oliver | M18: 11 | N18: 9 | O18: 3 | P18: 4 | Q18: 8 | R18: 15 | S18: 4 | T18: 1 | U18: 1 | V18: 3 | W18: 0 | X18: 0 | Y18: 4.33 | Z18: 3.8 | AA18: 1.75 | AB18: 4.2 | AC18: 3.9 | AD18: 1.8 | AE18: 4.5 | AF18: 3.9 | AG18: 1.75 | AH18: 4.55 | AI18: 3.98 | AJ18: 1.77 | AK18: 4.33 | AL18: 3.9 | AM18: 1.8 | AN18: 4.32 | AO18: 4 | AP18: 1.84 | AQ18: 4.7 | AR18: 4.1 | AS18: 1.84 | AT18: 4.41 | AU18: 3.92 | AV18: 1.78 | AW18: 4.7 | AX18: 4.1 | AY18: 1.8 | AZ18: 1.73 | BA18: 2.1 | BB18: 1.75 | BC18: 2.15 | BD18: 1.78 | BE18: 2.23 | BF18: 1.73 | BG18: 2.13 | BJ18: 0.75 | BK18: 1.9 | BL18: 2 | BM18: 1.9 | BN18: 2 | BO18: 1.91 | BP18: 2.02 | BQ18: 1.86 | BR18: 1.98 | BS18: 1.95 | BT18: 2.02 | BU18: 4.5 | BV18: 4 | BW18: 1.73 | BX18: 4.5 | BY18: 3.9 | BZ18: 1.75 | CA18: 4.75 | CB18: 3.9 | CC18: 1.73 | CD18: 4.85 | CE18: 4.04 | CF18: 1.74 | CG18: 4.8 | CH18: 4 | CI18: 1.7 | CJ18: 4.8 | CK18: 4.08 | CL18: 1.73 | CM18: 4.85 | CN18: 4.16 | CO18: 1.78 | CP18: 4.66 | CQ18: 4.02 | CR18: 1.74 | CS18: 5 | CT18: 4.1 | CU18: 1.78 | CV18: 1.73 | CW18: 2.1 | CX18: 1.76 | CY18: 2.15 | CZ18: 1.76 | DA18: 2.27 | DB18: 1.72 | DC18: 2.18 | DD18: 1.87 | DE18: 2.12 | DF18: 0.75 | DG18: 1.96 | DH18: 1.97 | DI18: 1.98 | DJ18: 1.94 | DK18: 2 | DL18: 1.99 | DM18: 1.94 | DN18: 1.92 | DO18: 1.97 | DP18: 2
A19: E0 | B19: 25/08/2024 | C19: 0.58333333 | D19: Bournemouth | E19: Newcastle | F19: 1 | G19: 1 | H19: D | I19: 1 | J19: 0 | K19: H | L19: D Coote | M19: 16 | N19: 14 | O19: 4 | P19: 5 | Q19: 19 | R19: 8 | S19: 8 | T19: 9 | U19: 2 | V19: 2 | W19: 0 | X19: 0 | Y19: 2.9 | Z19: 3.8 | AA19: 2.2 | AB19: 3 | AC19: 3.9 | AD19: 2.2 | AE19: 3 | AF19: 3.8 | AG19: 2.2 | AH19: 3.05 | AI19: 3.73 | AJ19: 2.28 | AK19: 3 | AL19: 3.8 | AM19: 2.25 | AN19: 3.05 | AO19: 3.95 | AP19: 2.25 | AQ19: 3.06 | AR19: 3.95 | AS19: 2.32 | AT19: 2.99 | AU19: 3.8 | AV19: 2.25 | AW19: 3.15 | AX19: 3.95 | AY19: 2.3 | AZ19: 1.57 | BA19: 2.38 | BB19: 1.61 | BC19: 2.43 | BD19: 1.61 | BE19: 2.5 | BF19: 1.56 | BG19: 2.44 | BH19: 1.62 | BI19: 2.56 | BJ19: 0.25 | BK19: 1.92 | BL19: 1.98 | BM19: 1.91 | BN19: 2 | BO19: 1.95 | BP19: 2 | BQ19: 1.9 | BR19: 1.94 | BS19: 1.96 | BT19: 2.01 | BU19: 2.55 | BV19: 3.6 | BW19: 2.6 | BX19: 2.5 | BY19: 3.7 | BZ19: 2.65 | CA19: 2.5 | CB19: 3.6 | CC19: 2.7 | CD19: 2.63 | CE19: 3.66 | CF19: 2.68 | CG19: 2.6 | CH19: 3.6 | CI19: 2.62 | CJ19: 2.68 | CK19: 3.7 | CL19: 2.58 | CM19: 2.68 | CN19: 3.75 | CO19: 2.74 | CP19: 2.57 | CQ19: 3.65 | CR19: 2.64 | CS19: 2.66 | CT19: 3.75 | CU19: 2.78 | CV19: 1.57 | CW19: 2.38 | CX19: 1.58 | CY19: 2.49 | CZ19: 1.66 | DA19: 2.55 | DB19: 1.57 | DC19: 2.44 | DD19: 1.62 | DE19: 2.58 | DF19: 0 | DG19: 1.93 | DH19: 2 | DI19: 1.94 | DJ19: 1.98 | DK19: 1.94 | DL19: 2.04 | DM19: 1.92 | DN19: 1.97 | DO19: 1.96 | DP19: 2.03
A20: E0 | B20: 25/08/2024 | C20: 0.58333333 | D20: Wolves | E20: Chelsea | F20: 2 | G20: 6 | H20: A | I20: 2 | J20: 2 | K20: D | L20: D England | M20: 12 | N20: 14 | O20: 4 | P20: 8 | Q20: 13 | R20: 13 | S20: 5 | T20: 5 | U20: 2 | V20: 3 | W20: 0 | X20: 0 | Y20: 4.33 | Z20: 4 | AA20: 1.75 | AB20: 4.4 | AC20: 4 | AD20: 1.75 | AE20: 4.5 | AF20: 4 | AG20: 1.75 | AH20: 4.46 | AI20: 4.03 | AJ20: 1.78 | AK20: 4.4 | AL20: 4 | AM20: 1.75 | AN20: 4.27 | AO20: 4.17 | AP20: 1.81 | AQ20: 4.6 | AR20: 4.17 | AS20: 1.82 | AT20: 4.37 | AU20: 4 | AV20: 1.77 | AW20: 4.7 | AX20: 4.2 | AY20: 1.81 | AZ20: 1.62 | BA20: 2.3 | BB20: 1.65 | BC20: 2.33 | BD20: 1.68 | BE20: 2.34 | BF20: 1.64 | BG20: 2.29 | BH20: 1.69 | BI20: 2.38 | BJ20: 0.75 | BK20: 1.89 | BL20: 2.01 | BM20: 1.9 | BN20: 2.01 | BO20: 1.91 | BP20: 2.02 | BQ20: 1.87 | BR20: 1.98 | BS20: 1.94 | BT20: 2.02 | BU20: 3.75 | BV20: 3.8 | BW20: 1.9 | BX20: 3.75 | BY20: 3.8 | BZ20: 1.9 | CA20: 3.9 | CB20: 3.9 | CC20: 1.91 | CD20: 3.91 | CE20: 3.94 | CF20: 1.93 | CG20: 3.9 | CH20: 3.8 | CI20: 1.91 | CJ20: 4.02 | CK20: 3.89 | CL20: 1.9 | CM20: 4.1 | CN20: 3.99 | CO20: 1.93 | CP20: 3.89 | CQ20: 3.89 | CR20: 1.91 | CS20: 4 | CT20: 4 | CU20: 1.96 | CV20: 1.57 | CW20: 2.38 | CX20: 1.62 | CY20: 2.41 | CZ20: 1.69 | DA20: 2.47 | DB20: 1.61 | DC20: 2.36 | DD20: 1.64 | DE20: 2.54 | DF20: 0.5 | DG20: 1.99 | DH20: 1.94 | DI20: 1.99 | DJ20: 1.93 | DK20: 2.02 | DL20: 1.94 | DM20: 1.97 | DN20: 1.9 | DO20: 2.03 | DP20: 1.96
A21: E0 | B21: 25/08/2024 | C21: 0.6875 | D21: Liverpool | E21: Brentford | F21: 2 | G21: 0 | H21: H | I21: 1 | J21: 0 | K21: H | L21: S Attwell | M21: 19 | N21: 8 | O21: 8 | P21: 2 | Q21: 10 | R21: 7 | S21: 9 | T21: 4 | U21: 2 | V21: 3 | W21: 0 | X21: 0 | Y21: 1.27 | Z21: 5.75 | AA21: 11 | AB21: 1.25 | AC21: 6.75 | AD21: 10.5 | AE21: 1.22 | AF21: 7 | AG21: 11 | AH21: 1.25 | AI21: 7.05 | AJ21: 10.11 | AK21: 1.25 | AL21: 6.5 | AM21: 11 | AN21: 1.28 | AO21: 6.6 | AP21: 10.6 | AQ21: 1.28 | AR21: 7.5 | AS21: 11.5 | AT21: 1.25 | AU21: 6.78 | AV21: 10.37 | AW21: 1.26 | AX21: 7.6 | AY21: 12.5 | AZ21: 1.36 | BA21: 3.2 | BB21: 1.36 | BC21: 3.23 | BD21: 1.4 | BE21: 3.4 | BF21: 1.35 | BG21: 3.2 | BJ21: -1.75 | BK21: 1.89 | BL21: 2.01 | BM21: 1.89 | BN21: 1.99 | BO21: 1.89 | BP21: 2.05 | BQ21: 1.85 | BR21: 2 | BS21: 1.88 | BT21: 2.01 | BU21: 1.2 | BV21: 7 | BW21: 13 | BX21: 1.24 | BY21: 7 | BZ21: 11 | CA21: 1.18 | CB21: 7 | CC21: 12 | CD21: 1.22 | CE21: 7.75 | CF21: 12.5 | CG21: 1.22 | CH21: 6.5 | CI21: 13 | CJ21: 1.22 | CK21: 7.28 | CL21: 13.5 | CM21: 1.25 | CN21: 7.75 | CO21: 13.5 | CP21: 1.22 | CQ21: 7.19 | CR21: 11.82 | CS21: 1.23 | CT21: 8 | CU21: 14.5 | CV21: 1.3 | CW21: 3.5 | CX21: 1.33 | CY21: 3.46 | CZ21: 1.34 | DA21: 3.55 | DB21: 1.32 | DC21: 3.42 | DD21: 1.35 | DE21: 3.75 | DF21: -2 | DG21: 2.06 | DH21: 1.87 | DI21: 2.07 | DJ21: 1.85 | DK21: 2.07 | DL21: 1.91 | DM21: 2.03 | DN21: 1.85 | DO21: 2.08 | DP21: 1.92
A22: E0 | B22: 31/08/2024 | C22: 0.52083333 | D22: Arsenal | E22: Brighton | F22: 1 | G22: 1 | H22: D | I22: 1 | J22: 0 | K22: H | L22: C Kavanagh | M22: 11 | N22: 22 | O22: 7 | P22: 4 | Q22: 12 | R22: 7 | S22: 3 | T22: 7 | U22: 3 | V22: 2 | W22: 1 | X22: 0 | Y22: 1.33 | Z22: 5.5 | AA22: 8.5 | AB22: 1.36 | AC22: 5.5 | AD22: 8 | AE22: 1.33 | AF22: 5.5 | AG22: 8.5 | AH22: 1.34 | AI22: 5.87 | AJ22: 8.1 | AK22: 1.33 | AL22: 5.5 | AM22: 8.5 | AN22: 1.37 | AO22: 5.84 | AP22: 7.9 | AQ22: 1.37 | AR22: 6 | AS22: 9 | AT22: 1.35 | AU22: 5.66 | AV22: 8.11 | AW22: 1.36 | AX22: 6 | AY22: 9.4 | AZ22: 1.53 | BA22: 2.5 | BB22: 1.54 | BC22: 2.59 | BD22: 1.57 | BE22: 2.59 | BF22: 1.53 | BG22: 2.52 | BH22: 1.58 | BI22: 2.66 | BJ22: -1.5 | BK22: 2.01 | BL22: 1.89 | BM22: 2.02 | BN22: 1.89 | BO22: 2.05 | BP22: 1.92 | BQ22: 2 | BR22: 1.86 | BS22: 2.03 | BT22: 1.92 | BU22: 1.36 | BV22: 5.25 | BW22: 7.5 | BX22: 1.37 | BY22: 5.5 | BZ22: 7.5 | CA22: 1.33 | CB22: 5 | CC22: 8.5 | CD22: 1.37 | CE22: 5.48 | CF22: 8.43 | CG22: 1.36 | CH22: 5 | CI22: 8.5 | CJ22: 1.39 | CK22: 5.38 | CL22: 7.97 | CM22: 1.4 | CN22: 5.6 | CO22: 8.6 | CP22: 1.37 | CQ22: 5.37 | CR22: 8 | CS22: 1.4 | CT22: 5.7 | CU22: 8.8 | CV22: 1.53 | CW22: 2.5 | CX22: 1.56 | CY22: 2.56 | CZ22: 1.58 | DA22: 2.63 | DB22: 1.54 | DC22: 2.52 | DD22: 1.58 | DE22: 2.72 | DF22: -1.5 | DG22: 2.08 | DH22: 1.85 | DI22: 2.09 | DJ22: 1.85 | DK22: 2.12 | DL22: 1.86 | DM22: 2.05 | DN22: 1.83 | DO22: 2.14 | DP22: 1.86
A23: E0 | B23: 31/08/2024 | C23: 0.625 | D23: Brentford | E23: Southampton | F23: 3 | G23: 1 | H23: H | I23: 1 | J23: 0 | K23: H | L23: J Smith | M23: 20 | N23: 18 | O23: 7 | P23: 6 | Q23: 10 | R23: 7 | S23: 2 | T23: 8 | U23: 2 | V23: 1 | W23: 0 | X23: 0 | Y23: 1.75 | Z23: 3.9 | AA23: 4.33 | AB23: 1.75 | AC23: 3.9 | AD23: 4.4 | AE23: 1.75 | AF23: 3.9 | AG23: 4.6 | AH23: 1.79 | AI23: 3.9 | AJ23: 4.51 | AK23: 1.75 | AL23: 3.9 | AM23: 4.6 | AN23: 1.79 | AO23: 4.12 | AP23: 4.47 | AQ23: 1.82 | AR23: 4.12 | AS23: 4.7 | AT23: 1.77 | AU23: 3.97 | AV23: 4.46 | AW23: 1.82 | AX23: 4.1 | AY23: 4.8 | AZ23: 1.73 | BA23: 2.1 | BB23: 1.74 | BC23: 2.18 | BD23: 1.76 | BE23: 2.21 | BF23: 1.73 | BG23: 2.15 | BH23: 1.79 | BI23: 2.24 | BJ23: -0.75 | BK23: 2.01 | BL23: 1.89 | BM23: 2 | BN23: 1.9 | BO23: 2.04 | BP23: 1.92 | BQ23: 1.97 | BR23: 1.89 | BS23: 2.03 | BT23: 1.93 | BU23: 1.8 | BV23: 3.9 | BW23: 4.33 | BX23: 1.8 | BY23: 3.8 | BZ23: 4.33 | CA23: 1.8 | CB23: 3.8 | CC23: 4.5 | CD23: 1.82 | CE23: 3.91 | CF23: 4.46 | CG23: 1.8 | CH23: 3.75 | CI23: 4.5 | CJ23: 1.79 | CK23: 3.94 | CL23: 4.59 | CM23: 1.83 | CN23: 3.95 | CO23: 4.59 | CP23: 1.8 | CQ23: 3.86 | CR23: 4.42 | CS23: 1.86 | CT23: 4 | CU23: 4.6 | CV23: 1.8 | CW23: 2 | CX23: 1.82 | CY23: 2.07 | CZ23: 1.85 | DA23: 2.12 | DB23: 1.8 | DC23: 2.05 | DD23: 1.84 | DE23: 2.16 | DF23: -0.75 | DG23: 2.08 | DH23: 1.85 | DI23: 2.09 | DJ23: 1.84 | DK23: 2.09 | DL23: 1.9 | DM23: 2.02 | DN23: 1.85 | DO23: 2.11 | DP23: 1.87
A24: E0 | B24: 31/08/2024 | C24: 0.625 | D24: Everton | E24: Bournemouth | F24: 2 | G24: 3 | H24: A | I24: 0 | J24: 0 | K24: D | L24: S Attwell | M24: 18 | N24: 17 | O24: 8 | P24: 7 | Q24: 6 | R24: 1 | S24: 8 | T24: 4 | U24: 2 | V24: 1 | W24: 0 | X24: 0 | Y24: 2.75 | Z24: 3.4 | AA24: 2.55 | AB24: 2.65 | AC24: 3.4 | AD24: 2.6 | AE24: 2.75 | AF24: 3.4 | AG24: 2.6 | AH24: 2.82 | AI24: 3.38 | AJ24: 2.62 | AK24: 2.75 | AL24: 3.4 | AM24: 2.6 | AN24: 2.83 | AO24: 3.48 | AP24: 2.6 | AQ24: 2.85 | AR24: 3.5 | AS24: 2.64 | AT24: 2.78 | AU24: 3.4 | AV24: 2.59 | AW24: 2.86 | AX24: 3.55 | AY24: 2.68 | AZ24: 1.92 | BA24: 1.98 | BB24: 1.93 | BC24: 1.96 | BD24: 1.93 | BE24: 2 | BF24: 1.87 | BG24: 1.95 | BH24: 1.96 | BI24: 2 | BJ24: 0 | BK24: 2.01 | BL24: 1.89 | BM24: 2.03 | BN24: 1.88 | BO24: 2.03 | BP24: 1.9 | BQ24: 2 | BR24: 1.87 | BS24: 2.05 | BT24: 1.93 | BU24: 3 | BV24: 3.4 | BW24: 2.35 | BX24: 2.85 | BY24: 3.4 | BZ24: 2.45 | CA24: 2.88 | CB24: 3.4 | CC24: 2.45 | CD24: 3.14 | CE24: 3.45 | CF24: 2.39 | CG24: 2.9 | CH24: 3.4 | CI24: 2.45 | CJ24: 2.96 | CK24: 3.48 | CL24: 2.47 | CM24: 3.14 | CN24: 3.55 | CO24: 2.52 | CP24: 2.96 | CQ24: 3.45 | CR24: 2.43 | CS24: 3.1 | CT24: 3.55 | CU24: 2.48 | CV24: 1.87 | CW24: 2.03 | CX24: 1.88 | CY24: 2.03 | CZ24: 1.9 | DA24: 2.06 | DB24: 1.84 | DC24: 2 | DD24: 1.9 | DE24: 2.08 | DF24: 0.25 | DG24: 1.85 | DH24: 2.08 | DI24: 1.87 | DJ24: 2.06 | DK24: 1.87 | DL24: 2.14 | DM24: 1.81 | DN24: 2.06 | DO24: 1.86 | DP24: 2.14
A25: E0 | B25: 31/08/2024 | C25: 0.625 | D25: Ipswich | E25: Fulham | F25: 1 | G25: 1 | H25: D | I25: 1 | J25: 1 | K25: D | L25: L Smith | M25: 11 | N25: 9 | O25: 4 | P25: 4 | Q25: 15 | R25: 15 | S25: 8 | T25: 6 | U25: 2 | V25: 3 | W25: 0 | X25: 0 | Y25: 3 | Z25: 3.5 | AA25: 2.3 | AB25: 3.1 | AC25: 3.5 | AD25: 2.25 | AE25: 3.1 | AF25: 3.4 | AG25: 2.3 | AH25: 3.14 | AI25: 3.53 | AJ25: 2.32 | AK25: 3.1 | AL25: 3.5 | AM25: 2.3 | AN25: 3.13 | AO25: 3.66 | AP25: 2.31 | AQ25: 3.2 | AR25: 3.66 | AS25: 2.38 | AT25: 3.1 | AU25: 3.5 | AV25: 2.31 | AW25: 3.2 | AX25: 3.6 | AY25: 2.42 | AZ25: 1.84 | BA25: 2.06 | BB25: 1.83 | BC25: 2.06 | BD25: 1.88 | BE25: 2.07 | BF25: 1.82 | BG25: 2.03 | BH25: 1.83 | BI25: 2.12 | BJ25: 0.25 | BK25: 1.87 | BL25: 2.03 | BM25: 1.89 | BN25: 2.01 | BO25: 1.91 | BP25: 2.08 | BQ25: 1.86 | BR25: 1.98 | BS25: 1.91 | BT25: 2.08 | BU25: 3 | BV25: 3.4 | BW25: 2.38 | BX25: 2.95 | BY25: 3.4 | BZ25: 2.4 | CA25: 3 | CB25: 3.4 | CC25: 2.38 | CD25: 3.07 | CE25: 3.43 | CF25: 2.43 | CG25: 3 | CH25: 3.4 | CI25: 2.38 | CJ25: 3.2 | CK25: 3.46 | CL25: 2.33 | CM25: 3.2 | CN25: 3.5 | CO25: 2.45 | CP25: 3.03 | CQ25: 3.41 | CR25: 2.4 | CS25: 3.15 | CT25: 3.55 | CU25: 2.46 | CV25: 1.95 | CW25: 1.95 | CX25: 1.93 | CY25: 1.97 | CZ25: 1.96 | DA25: 2 | DB25: 1.9 | DC25: 1.94 | DD25: 2 | DE25: 1.98 | DF25: 0.25 | DG25: 1.82 | DH25: 2.11 | DI25: 1.83 | DJ25: 2.11 | DK25: 1.86 | DL25: 2.11 | DM25: 1.81 | DN25: 2.06 | DO25: 1.88 | DP25: 2.11
A26: E0 | B26: 31/08/2024 | C26: 0.625 | D26: Leicester | E26: Aston Villa | F26: 1 | G26: 2 | H26: A | I26: 0 | J26: 1 | K26: A | L26: D Coote | M26: 9 | N26: 10 | O26: 3 | P26: 5 | Q26: 13 | R26: 21 | S26: 1 | T26: 4 | U26: 4 | V26: 5 | W26: 0 | X26: 0 | Y26: 4.5 | Z26: 4 | AA26: 1.7 | AB26: 4.4 | AC26: 3.9 | AD26: 1.77 | AE26: 4.6 | AF26: 3.9 | AG26: 1.75 | AH26: 4.8 | AI26: 4.09 | AJ26: 1.71 | AK26: 4.6 | AL26: 3.9 | AM26: 1.75 | AN26: 4.53 | AO26: 4.17 | AP26: 1.77 | AQ26: 4.9 | AR26: 4.2 | AS26: 1.78 | AT26: 4.62 | AU26: 4.02 | AV26: 1.74 | AW26: 4.9 | AX26: 4.1 | AY26: 1.8 | AZ26: 1.67 | BA26: 2.2 | BB26: 1.68 | BC26: 2.27 | BD26: 1.76 | BE26: 2.3 | BF26: 1.69 | BG26: 2.21 | BH26: 1.73 | BI26: 2.28 | BJ26: 0.75 | BK26: 1.95 | BL26: 1.95 | BM26: 1.98 | BN26: 1.93 | BO26: 1.98 | BP26: 1.99 | BQ26: 1.93 | BR26: 1.91 | BS26: 1.98 | BT26: 1.98 | BU26: 4 | BV26: 3.7 | BW26: 1.85 | BX26: 3.8 | BY26: 3.7 | BZ26: 1.95 | CA26: 3.9 | CB26: 3.75 | CC26: 1.95 | CD26: 4.01 | CE26: 3.87 | CF26: 1.92 | CG26: 4 | CH26: 3.7 | CI26: 1.91 | CJ26: 4.2 | CK26: 3.7 | CL26: 1.91 | CM26: 4.2 | CN26: 3.88 | CO26: 1.95 | CP26: 4 | CQ26: 3.76 | CR26: 1.91 | CS26: 4.1 | CT26: 3.95 | CU26: 1.96 | CV26: 1.73 | CW26: 2.1 | CX26: 1.8 | CY26: 2.1 | CZ26: 1.82 | DA26: 2.14 | DB26: 1.78 | DC26: 2.08 | DD26: 1.84 | DE26: 2.18 | DF26: 0.5 | DG26: 1.99 | DH26: 1.94 | DI26: 2 | DJ26: 1.93 | DK26: 2 | DL26: 1.95 | DM26: 1.97 | DN26: 1.9 | DO26: 2.02 | DP26: 1.97
A27: E0 | B27: 31/08/2024 | C27: 0.625 | D27: Nott'm Forest | E27: Wolves | F27: 1 | G27: 1 | H27: D | I27: 1 | J27: 1 | K27: D | L27: S Hooper | M27: 16 | N27: 11 | O27: 5 | P27: 3 | Q27: 15 | R27: 18 | S27: 7 | T27: 3 | U27: 3 | V27: 4 | W27: 0 | X27: 0 | Y27: 2 | Z27: 3.7 | AA27: 3.7 | AB27: 2.1 | AC27: 3.6 | AD27: 3.5 | AE27: 2 | AF27: 3.6 | AG27: 3.75 | AH27: 2.02 | AI27: 3.7 | AJ27: 3.71 | AK27: 2.05 | AL27: 3.6 | AM27: 3.6 | AN27: 2.04 | AO27: 3.76 | AP27: 3.7 | AQ27: 2.1 | AR27: 3.76 | AS27: 3.79 | AT27: 2.03 | AU27: 3.66 | AV27: 3.65 | AW27: 2.08 | AX27: 3.8 | AY27: 3.85 | AZ27: 1.85 | BA27: 2.05 | BB27: 1.85 | BC27: 2.04 | BD27: 1.86 | BE27: 2.09 | BF27: 1.83 | BG27: 2.02 | BH27: 1.88 | BI27: 2.08 | BJ27: -0.5 | BK27: 2.03 | BL27: 1.87 | BM27: 2.03 | BN27: 1.88 | BO27: 2.08 | BP27: 1.88 | BQ27: 2.02 | BR27: 1.85 | BS27: 2.08 | BT27: 1.91 | BU27: 1.95 | BV27: 3.6 | BW27: 3.7 | BX27: 2 | BY27: 3.6 | BZ27: 3.7 | CA27: 2 | CB27: 3.5 | CC27: 3.75 | CD27: 2 | CE27: 3.7 | CF27: 3.88 | CG27: 2 | CH27: 3.5 | CI27: 3.8 | CJ27: 2.05 | CK27: 3.7 | CL27: 3.68 | CM27: 2.05 | CN27: 3.7 | CO27: 3.88 | CP27: 2 | CQ27: 3.61 | CR27: 3.73 | CS27: 2.04 | CT27: 3.75 | CU27: 4 | CV27: 1.91 | CW27: 1.99 | CX27: 1.9 | CY27: 2.01 | CZ27: 1.91 | DA27: 2.01 | DB27: 1.86 | DC27: 1.97 | DD27: 1.94 | DE27: 2.04 | DF27: -0.5 | DG27: 2.01 | DH27: 1.92 | DI27: 2.01 | DJ27: 1.92 | DK27: 2.01 | DL27: 1.94 | DM27: 1.98 | DN27: 1.87 | DO27: 2.06 | DP27: 1.93
A28: E0 | B28: 31/08/2024 | C28: 0.72916667 | D28: West Ham | E28: Man City | F28: 1 | G28: 3 | H28: A | I28: 1 | J28: 2 | K28: A | L28: M Oliver | M28: 10 | N28: 23 | O28: 2 | P28: 8 | Q28: 10 | R28: 3 | S28: 3 | T28: 11 | U28: 3 | V28: 2 | W28: 0 | X28: 0 | Y28: 7 | Z28: 5.5 | AA28: 1.38 | AB28: 7.25 | AC28: 5.25 | AD28: 1.39 | AE28: 7.5 | AF28: 5.5 | AG28: 1.36 | AH28: 7.69 | AI28: 5.64 | AJ28: 1.37 | AK28: 8 | AL28: 5 | AM28: 1.4 | AN28: 7.7 | AO28: 5.44 | AP28: 1.4 | AQ28: 8 | AR28: 5.8 | AS28: 1.41 | AT28: 7.57 | AU28: 5.49 | AV28: 1.38 | AW28: 8.2 | AX28: 5.9 | AY28: 1.4 | AZ28: 1.44 | BA28: 2.75 | BB28: 1.49 | BC28: 2.72 | BD28: 1.5 | BE28: 2.8 | BF28: 1.46 | BG28: 2.73 | BH28: 1.51 | BI28: 2.88 | BJ28: 1.5 | BK28: 1.86 | BL28: 2.04 | BM28: 1.87 | BN28: 2.04 | BO28: 1.89 | BP28: 2.05 | BQ28: 1.85 | BR28: 2.02 | BS28: 1.89 | BT28: 2.05 | BU28: 7.5 | BV28: 5 | BW28: 1.4 | BX28: 6.75 | BY28: 5 | BZ28: 1.42 | CA28: 7.5 | CB28: 5 | CC28: 1.36 | CD28: 7.7 | CE28: 5.25 | CF28: 1.41 | CG28: 7.5 | CH28: 5 | CI28: 1.4 | CJ28: 8.11 | CK28: 5.08 | CL28: 1.41 | CM28: 8.11 | CN28: 5.4 | CO28: 1.46 | CP28: 7.32 | CQ28: 5.14 | CR28: 1.4 | CS28: 8 | CT28: 5.4 | CU28: 1.43 | CV28: 1.53 | CW28: 2.5 | CX28: 1.56 | CY28: 2.57 | CZ28: 1.58 | DA28: 2.73 | DB28: 1.51 | DC28: 2.58 | DD28: 1.6 | DE28: 2.64 | DF28: 1.25 | DG28: 1.98 | DH28: 1.95 | DI28: 1.99 | DJ28: 1.93 | DK28: 2.05 | DL28: 1.95 | DM28: 1.99 | DN28: 1.87 | DO28: 2.03 | DP28: 1.94
A29: E0 | B29: 45300 | C29: 0.5625 | D29: Chelsea | E29: Crystal Palace | F29: 1 | G29: 1 | H29: D | I29: 1 | J29: 0 | K29: H | L29: J Gillett | M29: 13 | N29: 9 | O29: 7 | P29: 3 | Q29: 9 | R29: 13 | S29: 4 | T29: 5 | U29: 4 | V29: 2 | W29: 0 | X29: 0 | Y29: 1.6 | Z29: 4.33 | AA29: 5 | AB29: 1.6 | AC29: 4.4 | AD29: 5 | AE29: 1.6 | AF29: 4.4 | AG29: 5 | AH29: 1.63 | AI29: 4.4 | AJ29: 5.06 | AK29: 1.65 | AL29: 4.33 | AM29: 5 | AN29: 1.66 | AO29: 4.52 | AP29: 4.98 | AQ29: 1.68 | AR29: 4.55 | AS29: 5.2 | AT29: 1.63 | AU29: 4.4 | AV29: 5.01 | AW29: 1.65 | AX29: 4.6 | AY29: 5.4 | AZ29: 1.5 | BA29: 2.63 | BB29: 1.53 | BC29: 2.61 | BD29: 1.55 | BE29: 2.63 | BF29: 1.52 | BG29: 2.56 | BH29: 1.56 | BI29: 2.7 | BJ29: -1 | BK29: 2.04 | BL29: 1.86 | BM29: 2.08 | BN29: 1.84 | BO29: 2.08 | BP29: 1.92 | BQ29: 2.03 | BR29: 1.84 | BS29: 2.03 | BT29: 1.9 | BU29: 1.65 | BV29: 4.33 | BW29: 4.75 | BX29: 1.65 | BY29: 4.2 | BZ29: 4.8 | CA29: 1.62 | CB29: 4 | CC29: 5 | CD29: 1.68 | CE29: 4.24 | CF29: 5.05 | CG29: 1.65 | CH29: 4.2 | CI29: 5 | CJ29: 1.65 | CK29: 4.4 | CL29: 5.08 | CM29: 1.69 | CN29: 4.51 | CO29: 5.1 | CP29: 1.65 | CQ29: 4.3 | CR29: 4.97 | CS29: 1.69 | CT29: 4.3 | CU29: 5.4 | CV29: 1.53 | CW29: 2.5 | CX29: 1.56 | CY29: 2.55 | CZ29: 1.57 | DA29: 2.62 | DB29: 1.54 | DC29: 2.53 | DD29: 1.59 | DE29: 2.66 | DF29: -0.75 | DG29: 1.83 | DH29: 2.1 | DI29: 1.85 | DJ29: 2.08 | DK29: 1.85 | DL29: 2.14 | DM29: 1.8 | DN29: 2.08 | DO29: 1.87 | DP29: 2.13
A30: E0 | B30: 45300 | C30: 0.5625 | D30: Newcastle | E30: Tottenham | F30: 2 | G30: 1 | H30: H | I30: 1 | J30: 0 | K30: H | L30: R Jones | M30: 9 | N30: 20 | O30: 3 | P30: 6 | Q30: 16 | R30: 13 | S30: 7 | T30: 12 | U30: 4 | V30: 4 | W30: 0 | X30: 0 | Y30: 2.5 | Z30: 4 | AA30: 2.5 | AB30: 2.45 | AC30: 4 | AD30: 2.55 | AE30: 2.5 | AF30: 3.9 | AG30: 2.55 | AH30: 2.5 | AI30: 3.96 | AJ30: 2.62 | AK30: 2.5 | AL30: 4 | AM30: 2.5 | AN30: 2.54 | AO30: 4.12 | AP30: 2.56 | AQ30: 2.56 | AR30: 4.12 | AS30: 2.63 | AT30: 2.51 | AU30: 3.97 | AV30: 2.56 | AW30: 2.62 | AX30: 4 | AY30: 2.66 | AZ30: 1.36 | BA30: 3.2 | BB30: 1.41 | BC30: 3.04 | BD30: 1.41 | BE30: 3.22 | BF30: 1.38 | BG30: 3.07 | BH30: 1.42 | BI30: 3.25 | BJ30: 0 | BK30: 1.95 | BL30: 1.95 | BM30: 1.91 | BN30: 2 | BO30: 1.97 | BP30: 2 | BQ30: 1.93 | BR30: 1.94 | BS30: 1.97 | BT30: 2 | BU30: 2.45 | BV30: 3.9 | BW30: 2.55 | BX30: 2.4 | BY30: 3.8 | BZ30: 2.7 | CA30: 2.45 | CB30: 3.75 | CC30: 2.6 | CD30: 2.53 | CE30: 3.89 | CF30: 2.66 | CG30: 2.45 | CH30: 3.9 | CI30: 2.6 | CJ30: 2.6 | CK30: 4 | CL30: 2.53 | CM30: 2.6 | CN30: 4 | CO30: 2.79 | CP30: 2.46 | CQ30: 3.89 | CR30: 2.64 | CS30: 2.58 | CT30: 4 | CU30: 2.72 | CV30: 1.4 | CW30: 3 | CX30: 1.42 | CY30: 3 | CZ30: 1.42 | DA30: 3.14 | DB30: 1.4 | DC30: 3.01 | DD30: 1.43 | DE30: 3.25 | DF30: 0 | DG30: 1.89 | DH30: 2.04 | DI30: 1.92 | DJ30: 2.01 | DK30: 1.92 | DL30: 2.07 | DM30: 1.88 | DN30: 2 | DO30: 1.93 | DP30: 2.05
A31: E0 | B31: 45300 | C31: 0.66666667 | D31: Man United | E31: Liverpool | F31: 0 | G31: 3 | H31: A | I31: 0 | J31: 2 | K31: A | L31: A Taylor | M31: 8 | N31: 11 | O31: 3 | P31: 3 | Q31: 7 | R31: 7 | S31: 5 | T31: 2 | U31: 4 | V31: 1 | W31: 0 | X31: 0 | Y31: 3.7 | Z31: 4.2 | AA31: 1.85 | AB31: 3.7 | AC31: 4.1 | AD31: 1.87 | AE31: 3.9 | AF31: 4.1 | AG31: 1.85 | AH31: 3.93 | AI31: 4.31 | AJ31: 1.82 | AK31: 3.8 | AL31: 4.2 | AM31: 1.85 | AN31: 3.98 | AO31: 4.17 | AP31: 1.87 | AQ31: 4 | AR31: 4.4 | AS31: 1.9 | AT31: 3.82 | AU31: 4.2 | AV31: 1.85 | AW31: 4 | AX31: 4.3 | AY31: 1.9 | AZ31: 1.44 | BA31: 2.75 | BB31: 1.44 | BC31: 2.89 | BD31: 1.45 | BE31: 3.02 | BF31: 1.43 | BG31: 2.84 | BH31: 1.49 | BI31: 3 | BJ31: 0.5 | BK31: 2.04 | BL31: 1.86 | BM31: 2.08 | BN31: 1.82 | BO31: 2.1 | BP31: 1.9 | BQ31: 2.02 | BR31: 1.84 | BS31: 2.08 | BT31: 1.9 | BU31: 3.5 | BV31: 4.1 | BW31: 1.91 | BX31: 3.5 | BY31: 3.9 | BZ31: 1.95 | CA31: 3.5 | CB31: 3.9 | CC31: 1.91 | CD31: 3.51 | CE31: 4.11 | CF31: 2 | CG31: 3.6 | CH31: 3.9 | CI31: 1.95 | CJ31: 3.76 | CK31: 4.19 | CL31: 1.9 | CM31: 3.76 | CN31: 4.19 | CO31: 2 | CP31: 3.56 | CQ31: 4.04 | CR31: 1.95 | CS31: 3.7 | CT31: 4.2 | CU31: 2 | CV31: 1.44 | CW31: 2.75 | CX31: 1.46 | CY31: 2.86 | CZ31: 1.52 | DA31: 2.87 | DB31: 1.45 | DC31: 2.75 | DD31: 1.5 | DE31: 2.98 | DF31: 0.5 | DG31: 1.94 | DH31: 1.99 | DI31: 1.92 | DJ31: 2.01 | DK31: 1.94 | DL31: 2.01 | DM31: 1.91 | DN31: 1.94 | DO31: 1.97 | DP31: 2.02
A32: E0 | B32: 14/09/2024 | C32: 0.52083333 | D32: Southampton | E32: Man United | F32: 0 | G32: 3 | H32: A | I32: 0 | J32: 2 | K32: A | L32: S Attwell | M32: 6 | N32: 20 | O32: 4 | P32: 10 | Q32: 11 | R32: 14 | S32: 0 | T32: 7 | U32: 1 | V32: 4 | W32: 1 | X32: 0 | Y32: 4.5 | Z32: 4 | AA32: 1.7 | AB32: 4.5 | AC32: 4 | AD32: 1.73 | AE32: 4.6 | AF32: 3.9 | AG32: 1.75 | AH32: 4.5 | AI32: 4.13 | AJ32: 1.74 | AK32: 4.75 | AL32: 3.8 | AM32: 1.75 | AN32: 4.83 | AO32: 3.85 | AP32: 1.79 | AQ32: 4.83 | AR32: 4.2 | AS32: 1.79 | AT32: 4.56 | AU32: 4.04 | AV32: 1.74 | AW32: 4.9 | AX32: 4.2 | AY32: 1.78 | AZ32: 1.62 | BA32: 2.3 | BB32: 1.6 | BC32: 2.41 | BD32: 1.67 | BE32: 2.45 | BF32: 1.61 | BG32: 2.36 | BH32: 1.65 | BI32: 2.5 | BJ32: 0.75 | BK32: 1.95 | BL32: 1.95 | BM32: 1.94 | BN32: 1.94 | BO32: 2.02 | BP32: 1.96 | BQ32: 1.93 | BR32: 1.92 | BS32: 1.99 | BT32: 1.97 | BU32: 4 | BV32: 4.1 | BW32: 1.8 | BX32: 4 | BY32: 4 | BZ32: 1.82 | CA32: 4.5 | CB32: 4 | CC32: 1.75 | CD32: 4.2 | CE32: 4.12 | CF32: 1.82 | CG32: 4 | CH32: 4 | CI32: 1.83 | CJ32: 4.33 | CK32: 4.17 | CL32: 1.78 | CM32: 4.5 | CN32: 4.17 | CO32: 1.88 | CP32: 4.19 | CQ32: 4.05 | CR32: 1.8 | CS32: 4.2 | CT32: 4.2 | CU32: 1.88 | CV32: 1.53 | CW32: 2.5 | CX32: 1.56 | CY32: 2.55 | CZ32: 1.6 | DA32: 2.56 | DB32: 1.57 | DC32: 2.46 | DD32: 1.61 | DE32: 2.62 | DF32: 0.75 | DG32: 1.87 | DH32: 2.06 | DI32: 1.88 | DJ32: 2.06 | DK32: 1.91 | DL32: 2.09 | DM32: 1.86 | DN32: 2.01 | DO32: 1.89 | DP32: 2.11
A33: E0 | B33: 14/09/2024 | C33: 0.625 | D33: Brighton | E33: Ipswich | F33: 0 | G33: 0 | H33: D | I33: 0 | J33: 0 | K33: D | L33: S Barrott | M33: 21 | N33: 6 | O33: 6 | P33: 1 | Q33: 14 | R33: 16 | S33: 9 | T33: 2 | U33: 4 | V33: 3 | W33: 0 | X33: 0 | Y33: 1.38 | Z33: 5 | AA33: 7.5 | AB33: 1.38 | AC33: 5.25 | AD33: 7.75 | AE33: 1.36 | AF33: 5 | AG33: 8.5 | AH33: 1.38 | AI33: 5.13 | AJ33: 8.05 | AK33: 1.4 | AL33: 5 | AM33: 8 | AN33: 1.41 | AO33: 5.24 | AP33: 7.8 | AQ33: 1.41 | AR33: 5.4 | AS33: 8.5 | AT33: 1.38 | AU33: 5.16 | AV33: 7.89 | AW33: 1.4 | AX33: 5.6 | AY33: 9 | AZ33: 1.53 | BA33: 2.5 | BB33: 1.56 | BC33: 2.49 | BD33: 1.59 | BE33: 2.52 | BF33: 1.56 | BG33: 2.46 | BH33: 1.59 | BI33: 2.66 | BJ33: -1.5 | BK33: 2.03 | BL33: 1.78 | BM33: 2.09 | BN33: 1.79 | BO33: 2.12 | BP33: 1.83 | BQ33: 2.07 | BR33: 1.8 | BS33: 2.13 | BT33: 1.83 | BU33: 1.45 | BV33: 4.75 | BW33: 6.5 | BX33: 1.5 | BY33: 4.6 | BZ33: 6 | CA33: 1.44 | CB33: 4.5 | CC33: 6.5 | CD33: 1.53 | CE33: 4.61 | CF33: 6.22 | CG33: 1.44 | CH33: 4.75 | CI33: 7 | CJ33: 1.47 | CK33: 4.86 | CL33: 6.92 | CM33: 1.54 | CN33: 4.9 | CO33: 7 | CP33: 1.48 | CQ33: 4.7 | CR33: 6.48 | CS33: 1.51 | CT33: 4.9 | CU33: 7 | CV33: 1.62 | CW33: 2.3 | CX33: 1.68 | CY33: 2.3 | CZ33: 1.68 | DA33: 2.41 | DB33: 1.62 | DC33: 2.34 | DD33: 1.66 | DE33: 2.48 | DF33: -1 | DG33: 1.87 | DH33: 2.06 | DI33: 1.89 | DJ33: 2.04 | DK33: 1.89 | DL33: 2.16 | DM33: 1.8 | DN33: 2.1 | DO33: 1.83 | DP33: 2.19
A34: E0 | B34: 14/09/2024 | C34: 0.625 | D34: Crystal Palace | E34: Leicester | F34: 2 | G34: 2 | H34: D | I34: 0 | J34: 1 | K34: A | L34: T Harrington | M34: 20 | N34: 9 | O34: 4 | P34: 4 | Q34: 11 | R34: 15 | S34: 5 | T34: 2 | U34: 0 | V34: 3 | W34: 0 | X34: 0 | Y34: 1.62 | Z34: 4 | AA34: 5.5 | AB34: 1.62 | AC34: 4.1 | AD34: 5.25 | AE34: 1.62 | AF34: 4 | AG34: 5.5 | AH34: 1.62 | AI34: 4.13 | AJ34: 5.48 | AK34: 1.65 | AL34: 4 | AM34: 5.5 | AN34: 1.66 | AO34: 4.27 | AP34: 5.33 | AQ34: 1.66 | AR34: 4.3 | AS34: 5.6 | AT34: 1.63 | AU34: 4.14 | AV34: 5.38 | AW34: 1.67 | AX34: 4.3 | AY34: 5.9 | AZ34: 1.73 | BA34: 2.1 | BB34: 1.76 | BC34: 2.11 | BD34: 1.8 | BE34: 2.17 | BF34: 1.76 | BG34: 2.1 | BH34: 1.79 | BI34: 2.2 | BJ34: -1 | BK34: 2.08 | BL34: 1.82 | BM34: 2.09 | BN34: 1.81 | BO34: 2.14 | BP34: 1.84 | BQ34: 2.07 | BR34: 1.8 | BS34: 2.13 | BT34: 1.85 | BU34: 1.65 | BV34: 3.9 | BW34: 5.25 | BX34: 1.66 | BY34: 4 | BZ34: 5.25 | CA34: 1.57 | CB34: 4 | CC34: 5.5 | CD34: 1.67 | CE34: 4.02 | CF34: 5.43 | CG34: 1.65 | CH34: 4 | CI34: 5.5 | CJ34: 1.69 | CK34: 3.98 | CL34: 5.36 | CM34: 1.7 | CN34: 4.1 | CO34: 5.5 | CP34: 1.67 | CQ34: 3.98 | CR34: 5.27 | CS34: 1.72 | CT34: 4 | CU34: 5.6 | CV34: 1.88 | CW34: 2.02 | CX34: 1.88 | CY34: 2.03 | CZ34: 1.92 | DA34: 2.05 | DB34: 1.85 | DC34: 2 | DD34: 1.93 | DE34: 2.06 | DF34: -0.75 | DG34: 1.88 | DH34: 2.05 | DI34: 1.87 | DJ34: 2.07 | DK34: 1.92 | DL34: 2.07 | DM34: 1.85 | DN34: 2.02 | DO34: 1.92 | DP34: 2.06
A35: E0 | B35: 14/09/2024 | C35: 0.625 | D35: Fulham | E35: West Ham | F35: 1 | G35: 1 | H35: D | I35: 1 | J35: 0 | K35: H | L35: T Robinson | M35: 21 | N35: 11 | O35: 5 | P35: 3 | Q35: 15 | R35: 18 | S35: 3 | T35: 2 | U35: 2 | V35: 3 | W35: 0 | X35: 0 | Y35: 2.38 | Z35: 3.25 | AA35: 3 | AB35: 2.4 | AC35: 3.6 | AD35: 2.8 | AE35: 2.45 | AF35: 3.4 | AG35: 2.88 | AH35: 2.4 | AI35: 3.53 | AJ35: 2.97 | AK35: 2.5 | AL35: 3.4 | AM35: 2.88 | AN35: 2.49 | AO35: 3.4 | AP35: 3.03 | AQ35: 2.5 | AR35: 3.6 | AS35: 3.03 | AT35: 2.42 | AU35: 3.48 | AV35: 2.92 | AW35: 2.5 | AX35: 3.6 | AY35: 3 | AZ35: 1.73 | BA35: 2.1 | BB35: 1.72 | BC35: 2.18 | BD35: 1.75 | BE35: 2.22 | BF35: 1.72 | BG35: 2.16 | BH35: 1.77 | BI35: 2.24 | BJ35: -0.25 | BK35: 2.08 | BL35: 1.82 | BM35: 2.08 | BN35: 1.81 | BO35: 2.14 | BP35: 1.83 | BQ35: 2.07 | BR35: 1.79 | BS35: 2.17 | BT35: 1.83 | BU35: 2.25 | BV35: 3.3 | BW35: 3.2 | BX35: 2.35 | BY35: 3.4 | BZ35: 3 | CA35: 2.25 | CB35: 3.3 | CC35: 3.1 | CD35: 2.36 | CE35: 3.41 | CF35: 3.21 | CG35: 2.3 | CH35: 3.4 | CI35: 3.2 | CJ35: 2.31 | CK35: 3.39 | CL35: 3.29 | CM35: 2.39 | CN35: 3.45 | CO35: 3.29 | CP35: 2.33 | CQ35: 3.39 | CR35: 3.15 | CS35: 2.4 | CT35: 3.45 | CU35: 3.35 | CV35: 1.86 | CW35: 2.04 | CX35: 1.86 | CY35: 2.05 | CZ35: 1.9 | DA35: 2.1 | DB35: 1.82 | DC35: 2.03 | DD35: 1.91 | DE35: 2.08 | DF35: -0.25 | DG35: 2.04 | DH35: 1.89 | DI35: 2.04 | DJ35: 1.89 | DK35: 2.06 | DL35: 1.9 | DM35: 2 | DN35: 1.86 | DO35: 2.06 | DP35: 1.92
A36: E0 | B36: 14/09/2024 | C36: 0.625 | D36: Liverpool | E36: Nott'm Forest | F36: 0 | G36: 1 | H36: A | I36: 0 | J36: 0 | K36: D | L36: M Oliver | M36: 14 | N36: 5 | O36: 5 | P36: 3 | Q36: 15 | R36: 6 | S36: 7 | T36: 2 | U36: 4 | V36: 4 | W36: 0 | X36: 0 | Y36: 1.22 | Z36: 6.5 | AA36: 12 | AB36: 1.22 | AC36: 7 | AD36: 12 | AE36: 1.2 | AF36: 7 | AG36: 13 | AH36: 1.21 | AI36: 7.23 | AJ36: 12.71 | AK36: 1.22 | AL36: 6.5 | AM36: 13 | AN36: 1.25 | AO36: 6.86 | AP36: 12.4 | AQ36: 1.25 | AR36: 7.7 | AS36: 13 | AT36: 1.22 | AU36: 7.03 | AV36: 12.4 | AW36: 1.24 | AX36: 7.8 | AY36: 14.5 | AZ36: 1.44 | BA36: 2.75 | BB36: 1.41 | BC36: 2.95 | BD36: 1.46 | BE36: 3.1 | BF36: 1.41 | BG36: 2.91 | BH36: 1.47 | BI36: 3.1 | BJ36: -2 | BK36: 2.07 | BL36: 1.83 | BM36: 2.05 | BN36: 1.83 | BO36: 2.09 | BP36: 1.87 | BQ36: 2.03 | BR36: 1.84 | BS36: 2.06 | BT36: 1.9 | BU36: 1.25 | BV36: 6.25 | BW36: 11 | BX36: 1.26 | BY36: 6.5 | BZ36: 10.5 | CA36: 1.2 | CB36: 6.5 | CC36: 12 | CD36: 1.22 | CE36: 7.11 | CF36: 12.95 | CG36: 1.22 | CH36: 6.5 | CI36: 13 | CJ36: 1.27 | CK36: 6.37 | CL36: 11.7 | CM36: 1.27 | CN36: 7.3 | CO36: 13 | CP36: 1.23 | CQ36: 6.75 | CR36: 11.99 | CS36: 1.24 | CT36: 7.6 | CU36: 15.5 | CV36: 1.4 | CW36: 3 | CX36: 1.4 | CY36: 3.06 | CZ36: 1.44 | DA36: 3.06 | DB36: 1.41 | DC36: 2.98 | DD36: 1.43 | DE36: 3.25 | DF36: -1.75 | DG36: 1.86 | DH36: 2.07 | DI36: 1.85 | DJ36: 2.07 | DK36: 1.87 | DL36: 2.11 | DM36: 1.84 | DN36: 2.04 | DO36: 1.87 | DP36: 2.11
A37: E0 | B37: 14/09/2024 | C37: 0.625 | D37: Man City | E37: Brentford | F37: 2 | G37: 1 | H37: H | I37: 2 | J37: 1 | K37: H | L37: D Bond | M37: 18 | N37: 8 | O37: 7 | P37: 5 | Q37: 9 | R37: 3 | S37: 12 | T37: 3 | U37: 3 | V37: 1 | W37: 0 | X37: 0 | Y37: 1.18 | Z37: 8 | AA37: 12 | AB37: 1.19 | AC37: 7.75 | AD37: 14 | AE37: 1.15 | AF37: 9 | AG37: 15 | AH37: 1.17 | AI37: 8.43 | AJ37: 14.62 | AK37: 1.18 | AL37: 7.5 | AM37: 15 | AN37: 1.19 | AO37: 8.1 | AP37: 15 | AQ37: 1.21 | AR37: 9.2 | AS37: 17 | AT37: 1.17 | AU37: 8.2 | AV37: 14.79 | AW37: 1.19 | AX37: 9.6 | AY37: 17.5 | AZ37: 1.36 | BA37: 3.2 | BB37: 1.36 | BC37: 3.17 | BD37: 1.4 | BE37: 3.45 | BF37: 1.35 | BG37: 3.22 | BH37: 1.39 | BI37: 3.4 | BJ37: -2 | BK37: 1.92 | BL37: 1.98 | BM37: 1.91 | BN37: 1.96 | BO37: 1.93 | BP37: 2.11 | BQ37: 1.85 | BR37: 2.02 | BS37: 1.87 | BT37: 2.08 | BU37: 1.17 | BV37: 8 | BW37: 15 | BX37: 1.21 | BY37: 7.5 | BZ37: 12 | CA37: 1.15 | CB37: 8 | CC37: 15 | CD37: 1.21 | CE37: 7.2 | CF37: 13.92 | CG37: 1.2 | CH37: 7 | CI37: 15 | CJ37: 1.18 | CK37: 8.24 | CL37: 16.1 | CM37: 1.22 | CN37: 8.3 | CO37: 16.1 | CP37: 1.19 | CQ37: 7.64 | CR37: 13.85 | CS37: 1.23 | CT37: 7.6 | CU37: 17.5 | CV37: 1.44 | CW37: 2.75 | CX37: 1.45 | CY37: 2.85 | CZ37: 1.45 | DA37: 3.14 | DB37: 1.41 | DC37: 2.96 | DD37: 1.44 | DE37: 3.2 | DF37: -2 | DG37: 2.08 | DH37: 1.85 | DI37: 2.09 | DJ37: 1.81 | DK37: 2.09 | DL37: 1.94 | DM37: 2 | DN37: 1.87 | DO37: 2.04 | DP37: 1.94
A38: E0 | B38: 14/09/2024 | C38: 0.72916667 | D38: Aston Villa | E38: Everton | F38: 3 | G38: 2 | H38: H | I38: 1 | J38: 2 | K38: A | L38: C Pawson | M38: 17 | N38: 6 | O38: 8 | P38: 2 | Q38: 10 | R38: 12 | S38: 6 | T38: 2 | U38: 1 | V38: 4 | W38: 0 | X38: 0 | Y38: 1.5 | Z38: 4.2 | AA38: 6.5 | AB38: 1.5 | AC38: 4.5 | AD38: 6.25 | AE38: 1.47 | AF38: 4.5 | AG38: 6.5 | AH38: 1.51 | AI38: 4.45 | AJ38: 6.48 | AK38: 1.5 | AL38: 4.4 | AM38: 6.5 | AN38: 1.54 | AO38: 4.63 | AP38: 6.3 | AQ38: 1.55 | AR38: 4.65 | AS38: 6.7 | AT38: 1.51 | AU38: 4.48 | AV38: 6.34 | AW38: 1.54 | AX38: 4.7 | AY38: 7 | AZ38: 1.67 | BA38: 2.2 | BB38: 1.69 | BC38: 2.23 | BD38: 1.72 | BE38: 2.28 | BF38: 1.67 | BG38: 2.23 | BH38: 1.73 | BI38: 2.32 | BJ38: -1 | BK38: 1.85 | BL38: 2.05 | BM38: 1.87 | BN38: 2.02 | BO38: 1.88 | BP38: 2.1 | BQ38: 1.84 | BR38: 2.03 | BS38: 1.88 | BT38: 2.08 | BU38: 1.67 | BV38: 3.75 | BW38: 5.25 | BX38: 1.68 | BY38: 3.9 | BZ38: 5 | CA38: 1.57 | CB38: 4.2 | CC38: 5.5 | CD38: 1.68 | CE38: 4 | CF38: 5.44 | CG38: 1.67 | CH38: 4 | CI38: 5 | CJ38: 1.69 | CK38: 3.84 | CL38: 5.64 | CM38: 1.72 | CN38: 4.2 | CO38: 5.64 | CP38: 1.68 | CQ38: 3.94 | CR38: 5.24 | CS38: 1.72 | CT38: 4.1 | CU38: 5.5 | CV38: 1.8 | CW38: 2 | CX38: 1.82 | CY38: 2.08 | CZ38: 1.84 | DA38: 2.21 | DB38: 1.78 | DC38: 2.07 | DD38: 1.84 | DE38: 2.18 | DF38: -0.75 | DG38: 1.88 | DH38: 2.05 | DI38: 1.87 | DJ38: 2.06 | DK38: 1.91 | DL38: 2.08 | DM38: 1.85 | DN38: 2.02 | DO38: 1.91 | DP38: 2.07
A39: E0 | B39: 14/09/2024 | C39: 0.83333333 | D39: Bournemouth | E39: Chelsea | F39: 0 | G39: 1 | H39: A | I39: 0 | J39: 0 | K39: D | L39: A Taylor | M39: 19 | N39: 10 | O39: 7 | P39: 3 | Q39: 16 | R39: 9 | S39: 6 | T39: 3 | U39: 6 | V39: 8 | W39: 0 | X39: 0 | Y39: 3.4 | Z39: 3.8 | AA39: 2 | AB39: 3.3 | AC39: 3.9 | AD39: 2.05 | AE39: 3.4 | AF39: 3.9 | AG39: 2 | AH39: 3.32 | AI39: 3.97 | AJ39: 2.06 | AK39: 3.4 | AL39: 3.9 | AM39: 2.05 | AN39: 3.4 | AO39: 4.12 | AP39: 2.05 | AQ39: 3.45 | AR39: 4.12 | AS39: 2.09 | AT39: 3.33 | AU39: 3.96 | AV39: 2.05 | AW39: 3.55 | AX39: 4.1 | AY39: 2.08 | AZ39: 1.44 | BA39: 2.75 | BB39: 1.46 | BC39: 2.81 | BD39: 1.48 | BE39: 2.86 | BF39: 1.45 | BG39: 2.76 | BH39: 1.49 | BI39: 2.94 | BJ39: 0.5 | BK39: 1.85 | BL39: 2.05 | BM39: 1.83 | BN39: 2.07 | BO39: 1.87 | BP39: 2.08 | BQ39: 1.83 | BR39: 2.03 | BS39: 1.9 | BT39: 2.08 | BU39: 3.1 | BV39: 3.6 | BW39: 2.2 | BX39: 2.95 | BY39: 3.75 | BZ39: 2.25 | CA39: 3.2 | CB39: 3.8 | CC39: 2 | CD39: 3.17 | CE39: 3.79 | CF39: 2.23 | CG39: 3 | CH39: 3.9 | CI39: 2.2 | CJ39: 3.27 | CK39: 3.69 | CL39: 2.21 | CM39: 3.36 | CN39: 4 | CO39: 2.28 | CP39: 3.11 | CQ39: 3.8 | CR39: 2.19 | CS39: 3.15 | CT39: 3.95 | CU39: 2.28 | CV39: 1.5 | CW39: 2.63 | CX39: 1.5 | CY39: 2.7 | CZ39: 1.52 | DA39: 2.98 | DB39: 1.47 | DC39: 2.73 | DD39: 1.51 | DE39: 2.92 | DF39: 0.25 | DG39: 1.95 | DH39: 1.98 | DI39: 1.97 | DJ39: 1.95 | DK39: 2.07 | DL39: 1.99 | DM39: 1.95 | DN39: 1.92 | DO39: 1.99 | DP39: 1.99
A40: E0 | B40: 15/09/2024 | C40: 0.58333333 | D40: Tottenham | E40: Arsenal | F40: 0 | G40: 1 | H40: A | I40: 0 | J40: 0 | K40: D | L40: J Gillett | M40: 15 | N40: 7 | O40: 5 | P40: 4 | Q40: 13 | R40: 10 | S40: 7 | T40: 6 | U40: 5 | V40: 3 | W40: 0 | X40: 0 | Y40: 3 | Z40: 3.5 | AA40: 2.3 | AB40: 2.95 | AC40: 3.7 | AD40: 2.25 | AE40: 2.9 | AF40: 3.6 | AG40: 2.3 | AH40: 3.03 | AI40: 3.62 | AJ40: 2.32 | AK40: 3 | AL40: 3.6 | AM40: 2.3 | AN40: 3.13 | AO40: 3.46 | AP40: 2.4 | AQ40: 3.13 | AR40: 3.75 | AS40: 2.4 | AT40: 2.99 | AU40: 3.59 | AV40: 2.33 | AW40: 3.1 | AX40: 3.75 | AY40: 2.4 | AZ40: 1.57 | BA40: 2.38 | BB40: 1.59 | BC40: 2.44 | BD40: 1.66 | BE40: 2.5 | BF40: 1.58 | BG40: 2.41 | BH40: 1.65 | BI40: 2.5 | BJ40: 0.25 | BK40: 1.88 | BL40: 2.02 | BM40: 1.86 | BN40: 2.02 | BO40: 1.93 | BP40: 2.05 | BQ40: 1.84 | BR40: 2 | BS40: 1.9 | BT40: 2.08 | BU40: 2.7 | BV40: 3.4 | BW40: 2.6 | BX40: 2.7 | BY40: 3.5 | BZ40: 2.5 | CA40: 2.75 | CB40: 3.4 | CC40: 2.4 | CD40: 2.77 | CE40: 3.49 | CF40: 2.63 | CG40: 2.62 | CH40: 3.75 | CI40: 2.5 | CJ40: 3 | CK40: 3.49 | CL40: 2.43 | CM40: 3 | CN40: 3.75 | CO40: 2.63 | CP40: 2.77 | CQ40: 3.51 | CR40: 2.53 | CS40: 2.84 | CT40: 3.6 | CU40: 2.66 | CV40: 1.62 | CW40: 2.3 | CX40: 1.68 | CY40: 2.29 | CZ40: 1.68 | DA40: 2.45 | DB40: 1.61 | DC40: 2.37 | DD40: 1.65 | DE40: 2.5 | DF40: 0 | DG40: 2.01 | DH40: 1.92 | DI40: 2.01 | DJ40: 1.89 | DK40: 2.09 | DL40: 1.93 | DM40: 2.01 | DN40: 1.88 | DO40: 2.05 | DP40: 1.95
A41: E0 | B41: 15/09/2024 | C41: 0.6875 | D41: Wolves | E41: Newcastle | F41: 1 | G41: 2 | H41: A | I41: 1 | J41: 0 | K41: H | L41: C Kavanagh | M41: 12 | N41: 14 | O41: 5 | P41: 6 | Q41: 17 | R41: 6 | S41: 4 | T41: 7 | U41: 3 | V41: 3 | W41: 0 | X41: 0 | Y41: 3.4 | Z41: 3.5 | AA41: 2.1 | AB41: 3.2 | AC41: 3.75 | AD41: 2.1 | AE41: 3.3 | AF41: 3.7 | AG41: 2.1 | AH41: 3.41 | AI41: 3.71 | AJ41: 2.1 | AK41: 3.3 | AL41: 3.7 | AM41: 2.1 | AN41: 3.48 | AO41: 3.58 | AP41: 2.18 | AQ41: 3.48 | AR41: 3.8 | AS41: 2.18 | AT41: 3.36 | AU41: 3.69 | AV41: 2.11 | AW41: 3.55 | AX41: 3.85 | AY41: 2.16 | AZ41: 1.57 | BA41: 2.38 | BB41: 1.57 | BC41: 2.49 | BD41: 1.59 | BE41: 2.55 | BF41: 1.56 | BG41: 2.47 | BH41: 1.6 | BI41: 2.6 | BJ41: 0.25 | BK41: 2.06 | BL41: 1.84 | BM41: 2.06 | BN41: 1.83 | BO41: 2.07 | BP41: 1.85 | BQ41: 2.03 | BR41: 1.82 | BS41: 2.12 | BT41: 1.88 | BU41: 3.6 | BV41: 3.5 | BW41: 2.05 | BX41: 3.5 | BY41: 3.7 | BZ41: 2 | CA41: 3.5 | CB41: 3.5 | CC41: 2 | CD41: 3.6 | CE41: 3.73 | CF41: 2.07 | CG41: 3.4 | CH41: 3.75 | CI41: 2.05 | CJ41: 4.03 | CK41: 3.58 | CL41: 1.98 | CM41: 4.03 | CN41: 3.8 | CO41: 2.1 | CP41: 3.59 | CQ41: 3.69 | CR41: 2.04 | CS41: 3.7 | CT41: 3.85 | CU41: 2.1 | CV41: 1.62 | CW41: 2.3 | CX41: 1.68 | CY41: 2.29 | CZ41: 1.68 | DA41: 2.39 | DB41: 1.64 | DC41: 2.31 | DD41: 1.68 | DE41: 2.44 | DF41: 0.5 | DG41: 1.85 | DH41: 2.08 | DI41: 1.85 | DJ41: 2.08 | DK41: 1.88 | DL41: 2.09 | DM41: 1.84 | DN41: 2.04 | DO41: 1.9 | DP41: 2.1
A42: E0 | B42: 21/09/2024 | C42: 0.52083333 | D42: West Ham | E42: Chelsea | F42: 0 | G42: 3 | H42: A | I42: 0 | J42: 2 | K42: A | L42: S Barrott | M42: 15 | N42: 12 | O42: 7 | P42: 5 | Q42: 17 | R42: 9 | S42: 6 | T42: 5 | U42: 5 | V42: 2 | W42: 0 | X42: 0 | Y42: 3.6 | Z42: 3.9 | AA42: 1.95 | AB42: 3.4 | AC42: 3.8 | AD42: 2.05 | AE42: 3.4 | AF42: 3.9 | AG42: 2 | AH42: 3.59 | AI42: 3.93 | AJ42: 1.99 | AK42: 3.4 | AL42: 3.75 | AM42: 2.05 | AN42: 3.62 | AO42: 3.95 | AP42: 2.02 | AQ42: 3.71 | AR42: 4 | AS42: 2.05 | AT42: 3.49 | AU42: 3.89 | AV42: 2.01 | AW42: 3.6 | AX42: 4 | AY42: 2.08 | AZ42: 1.5 | BA42: 2.63 | BB42: 1.53 | BC42: 2.6 | BD42: 1.55 | BE42: 2.66 | BF42: 1.52 | BG42: 2.54 | BH42: 1.57 | BI42: 2.68 | BJ42: 0.5 | BK42: 1.9 | BL42: 2 | BM42: 1.9 | BN42: 2 | BO42: 1.91 | BP42: 2.02 | BQ42: 1.87 | BR42: 2 | BS42: 1.9 | BT42: 2.08 | BU42: 3.5 | BV42: 3.9 | BW42: 1.95 | BX42: 3.5 | BY42: 3.9 | BZ42: 1.98 | CA42: 3.5 | CB42: 3.9 | CC42: 2 | CD42: 3.59 | CE42: 3.94 | CF42: 2.01 | CG42: 3.5 | CH42: 3.8 | CI42: 2 | CJ42: 3.81 | CK42: 3.99 | CL42: 1.93 | CM42: 3.81 | CN42: 4.05 | CO42: 2.06 | CP42: 3.53 | CQ42: 3.91 | CR42: 2 | CS42: 3.65 | CT42: 4 | CU42: 2.06 | CV42: 1.5 | CW42: 2.63 | CX42: 1.52 | CY42: 2.59 | CZ42: 1.56 | DA42: 2.66 | DB42: 1.51 | DC42: 2.6 | DD42: 1.57 | DE42: 2.72 | DF42: 0.5 | DG42: 1.9 | DH42: 2.03 | DI42: 1.9 | DJ42: 2.02 | DK42: 1.9 | DL42: 2.04 | DM42: 1.86 | DN42: 2.01 | DO42: 1.92 | DP42: 2.06
A43: E0 | B43: 21/09/2024 | C43: 0.625 | D43: Aston Villa | E43: Wolves | F43: 3 | G43: 1 | H43: H | I43: 0 | J43: 1 | K43: A | L43: T Robinson | M43: 9 | N43: 10 | O43: 4 | P43: 4 | Q43: 11 | R43: 16 | S43: 6 | T43: 5 | U43: 3 | V43: 6 | W43: 0 | X43: 0 | Y43: 1.57 | Z43: 4.2 | AA43: 5.25 | AB43: 1.58 | AC43: 4.4 | AD43: 5.25 | AE43: 1.57 | AF43: 4.33 | AG43: 5.5 | AH43: 1.59 | AI43: 4.47 | AJ43: 5.44 | AK43: 1.6 | AL43: 4.2 | AM43: 5.5 | AN43: 1.62 | AO43: 4.52 | AP43: 5.38 | AQ43: 1.62 | AR43: 4.6 | AS43: 5.6 | AT43: 1.59 | AU43: 4.39 | AV43: 5.35 | AW43: 1.62 | AX43: 4.5 | AY43: 5.9 | AZ43: 1.57 | BA43: 2.38 | BB43: 1.58 | BC43: 2.47 | BD43: 1.63 | BE43: 2.47 | BF43: 1.58 | BG43: 2.41 | BH43: 1.62 | BI43: 2.54 | BJ43: -1 | BK43: 2 | BL43: 1.9 | BM43: 1.98 | BN43: 1.93 | BO43: 2.02 | BP43: 1.93 | BQ43: 1.98 | BR43: 1.88 | BS43: 2.01 | BT43: 1.97 | BU43: 1.65 | BV43: 4 | BW43: 4.75 | BX43: 1.63 | BY43: 4.2 | BZ43: 5 | CA43: 1.6 | CB43: 4.33 | CC43: 5.5 | CD43: 1.67 | CE43: 4.21 | CF43: 5.16 | CG43: 1.57 | CH43: 4.33 | CI43: 5.5 | CJ43: 1.65 | CK43: 4.23 | CL43: 5.37 | CM43: 1.69 | CN43: 4.5 | CO43: 5.5 | CP43: 1.62 | CQ43: 4.27 | CR43: 5.28 | CS43: 1.64 | CT43: 4.4 | CU43: 5.8 | CV43: 1.67 | CW43: 2.2 | CX43: 1.68 | CY43: 2.3 | CZ43: 1.68 | DA43: 2.41 | DB43: 1.64 | DC43: 2.31 | DD43: 1.7 | DE43: 2.4 | DF43: -0.75 | DG43: 1.86 | DH43: 2.07 | DI43: 1.85 | DJ43: 2.08 | DK43: 1.9 | DL43: 2.17 | DM43: 1.78 | DN43: 2.12 | DO43: 1.81 | DP43: 2.21
... A61: E0 | B61: 30/09/2024 | C61: 0.83333333 | D61: Bournemouth | E61: Southampton | F61: 3 | G61: 1 | H61: H | I61: 3 | J61: 0 | K61: H | L61: M Oliver | M61: 14 | N61: 9 | O61: 6 | P61: 3 | Q61: 19 | R61: 12 | S61: 7 | T61: 4 | U61: 2 | V61: 5 | W61: 0 | X61: 0 | Y61: 1.65 | Z61: 4.1 | AA61: 5 | AB61: 1.65 | AC61: 4.2 | AD61: 5 | AE61: 1.62 | AF61: 4.1 | AG61: 5 | AH61: 1.65 | AI61: 4.37 | AJ61: 5.01 | AK61: 1.67 | AL61: 4.2 | AM61: 4.8 | AN61: 1.67 | AO61: 4.53 | AP61: 4.84 | AQ61: 1.68 | AR61: 4.53 | AS61: 5.25 | AT61: 1.65 | AU61: 4.29 | AV61: 4.91 | AW61: 1.68 | AX61: 4.4 | AY61: 5.5 | AZ61: 1.5 | BA61: 2.63 | BB61: 1.49 | BC61: 2.7 | BD61: 1.52 | BE61: 2.75 | BF61: 1.49 | BG61: 2.6 | BH61: 1.53 | BI61: 2.72 | BJ61: -0.75 | BK61: 1.83 | BL61: 2.07 | BM61: 1.8 | BN61: 2.1 | BO61: 1.83 | BP61: 2.13 | BQ61: 1.79 | BR61: 2.06 | BS61: 1.83 | BT61: 2.15 | BU61: 1.48 | BV61: 4.33 | BW61: 6.5 | BX61: 1.53 | BY61: 4.5 | BZ61: 5.75 | CA61: 1.5 | CB61: 4.5 | CC61: 6 | CD61: 1.49 | CE61: 4.69 | CF61: 6.79 | CG61: 1.57 | CH61: 4.2 | CI61: 5.8 | CJ61: 1.58 | CK61: 4.34 | CL61: 5.94 | CM61: 1.58 | CN61: 4.75 | CO61: 6.79 | CP61: 1.52 | CQ61: 4.52 | CR61: 6.1 | CS61: 1.56 | CT61: 4.7 | CU61: 6.4 | CV61: 1.57 | CW61: 2.38 | CX61: 1.59 | CY61: 2.49 | CZ61: 1.64 | DA61: 2.55 | DB61: 1.57 | DC61: 2.46 | DD61: 1.61 | DE61: 2.62 | DF61: -1 | DG61: 1.78 | DH61: 2.03 | DI61: 1.77 | DJ61: 2.17 | DK61: 1.93 | DL61: 2.17 | DM61: 1.83 | DN61: 2.04 | DO61: 1.91 | DP61: 2.08
A62: E0 | B62: 45422 | C62: 0.52083333 | D62: Crystal Palace | E62: Liverpool | F62: 0 | G62: 1 | H62: A | I62: 0 | J62: 1 | K62: A | L62: S Hooper | M62: 9 | N62: 16 | O62: 5 | P62: 4 | Q62: 7 | R62: 15 | S62: 3 | T62: 8 | U62: 4 | V62: 2 | W62: 0 | X62: 0 | Y62: 6 | Z62: 4.5 | AA62: 1.5 | AB62: 6 | AC62: 4.6 | AD62: 1.5 | AE62: 6.5 | AF62: 4.6 | AG62: 1.47 | AH62: 6.38 | AI62: 4.71 | AJ62: 1.5 | AK62: 6.5 | AL62: 4.4 | AM62: 1.5 | AN62: 6.67 | AO62: 4.69 | AP62: 1.51 | AQ62: 6.67 | AR62: 4.9 | AS62: 1.52 | AT62: 6.36 | AU62: 4.65 | AV62: 1.49 | AW62: 6.6 | AX62: 4.9 | AY62: 1.55 | AZ62: 1.57 | BA62: 2.38 | BB62: 1.62 | BC62: 2.39 | BD62: 1.64 | BE62: 2.5 | BF62: 1.59 | BG62: 2.4 | BH62: 1.62 | BI62: 2.52 | BJ62: 1 | BK62: 2.05 | BL62: 1.75 | BM62: 2.11 | BN62: 1.82 | BO62: 2.12 | BP62: 1.83 | BQ62: 2.08 | BR62: 1.79 | BS62: 2.13 | BT62: 1.86 | BU62: 5 | BV62: 4 | BW62: 1.67 | BX62: 4.8 | BY62: 4.1 | BZ62: 1.66 | CA62: 5 | CB62: 4 | CC62: 1.65 | CD62: 5.14 | CE62: 4.1 | CF62: 1.69 | CG62: 5.5 | CH62: 4 | CI62: 1.65 | CJ62: 5.42 | CK62: 4.07 | CL62: 1.66 | CM62: 5.5 | CN62: 4.25 | CO62: 1.72 | CP62: 5.03 | CQ62: 4.1 | CR62: 1.67 | CS62: 5.5 | CT62: 4.2 | CU62: 1.7 | CV62: 1.67 | CW62: 2.2 | CX62: 1.7 | CY62: 2.26 | CZ62: 1.7 | DA62: 2.38 | DB62: 1.66 | DC62: 2.27 | DD62: 1.72 | DE62: 2.38 | DF62: 0.75 | DG62: 2.05 | DH62: 1.88 | DI62: 2.05 | DJ62: 1.88 | DK62: 2.11 | DL62: 1.9 | DM62: 2.03 | DN62: 1.84 | DO62: 2.11 | DP62: 1.88
A63: E0 | B63: 45422 | C63: 0.625 | D63: Arsenal | E63: Southampton | F63: 3 | G63: 1 | H63: H | I63: 0 | J63: 0 | K63: D | L63: T Harrington | M63: 29 | N63: 8 | O63: 6 | P63: 2 | Q63: 10 | R63: 9 | S63: 13 | T63: 1 | U63: 0 | V63: 3 | W63: 0 | X63: 0 | Y63: 1.14 | Z63: 9 | AA63: 17 | AB63: 1.14 | AC63: 9.5 | AD63: 17 | AE63: 1.11 | AF63: 9.5 | AG63: 21 | AH63: 1.13 | AI63: 9.46 | AJ63: 19.13 | AK63: 1.14 | AL63: 8.5 | AM63: 19 | AN63: 1.15 | AO63: 9.4 | AP63: 20 | AQ63: 1.16 | AR63: 10 | AS63: 21 | AT63: 1.14 | AU63: 9.2 | AV63: 18.63 | AW63: 1.14 | AX63: 11 | AY63: 26 | AZ63: 1.36 | BA63: 3.2 | BB63: 1.38 | BC63: 3.16 | BD63: 1.4 | BE63: 3.25 | BF63: 1.36 | BG63: 3.13 | BH63: 1.4 | BI63: 3.4 | BJ63: -2.25 | BK63: 1.89 | BL63: 2.01 | BM63: 1.91 | BN63: 1.98 | BO63: 1.91 | BP63: 2.05 | BQ63: 1.88 | BR63: 1.96 | BS63: 1.96 | BT63: 2.01 | BU63: 1.18 | BV63: 7.5 | BW63: 13 | BX63: 1.18 | BY63: 8 | BZ63: 14.5 | CA63: 1.15 | CB63: 7 | CC63: 16 | CD63: 1.16 | CE63: 8.18 | CF63: 18.71 | CG63: 1.18 | CH63: 7 | CI63: 17 | CJ63: 1.2 | CK63: 7.97 | CL63: 14.3 | CM63: 1.21 | CN63: 8.8 | CO63: 18.71 | CP63: 1.18 | CQ63: 7.99 | CR63: 15.31 | CS63: 1.2 | CT63: 8.2 | CU63: 21 | CV63: 1.44 | CW63: 2.75 | CX63: 1.45 | CY63: 2.84 | CZ63: 1.46 | DA63: 3 | DB63: 1.44 | DC63: 2.86 | DD63: 1.48 | DE63: 3.05 | DF63: -2 | DG63: 1.9 | DH63: 2.03 | DI63: 1.88 | DJ63: 2.03 | DK63: 1.91 | DL63: 2.07 | DM63: 1.87 | DN63: 2 | DO63: 1.92 | DP63: 2.06
A64: E0 | B64: 45422 | C64: 0.625 | D64: Brentford | E64: Wolves | F64: 5 | G64: 3 | H64: H | I64: 4 | J64: 2 | K64: H | L64: A Madley | M64: 19 | N64: 17 | O64: 12 | P64: 6 | Q64: 9 | R64: 10 | S64: 10 | T64: 3 | U64: 2 | V64: 3 | W64: 0 | X64: 0 | Y64: 2.05 | Z64: 3.6 | AA64: 3.4 | AB64: 2 | AC64: 3.6 | AD64: 3.6 | AE64: 2.05 | AF64: 3.6 | AG64: 3.6 | AH64: 2.14 | AI64: 3.62 | AJ64: 3.44 | AK64: 2.1 | AL64: 3.6 | AM64: 3.5 | AN64: 2.11 | AO64: 3.75 | AP64: 3.51 | AQ64: 2.14 | AR64: 3.75 | AS64: 3.7 | AT64: 2.09 | AU64: 3.64 | AV64: 3.47 | AW64: 2.16 | AX64: 3.75 | AY64: 3.65 | AZ64: 1.73 | BA64: 2.1 | BB64: 1.81 | BC64: 2.08 | BD64: 1.81 | BE64: 2.13 | BF64: 1.78 | BG64: 2.08 | BH64: 1.83 | BI64: 2.16 | BJ64: -0.25 | BK64: 1.85 | BL64: 2.05 | BM64: 1.87 | BN64: 2.05 | BO64: 1.88 | BP64: 2.16 | BQ64: 1.8 | BR64: 2.06 | BS64: 1.87 | BT64: 2.12 | BU64: 2.1 | BV64: 3.5 | BW64: 3.4 | BX64: 2.05 | BY64: 3.6 | BZ64: 3.4 | CA64: 2 | CB64: 3.5 | CC64: 3.6 | CD64: 2.11 | CE64: 3.61 | CF64: 3.6 | CG64: 2.05 | CH64: 3.6 | CI64: 3.6 | CJ64: 2 | CK64: 3.69 | CL64: 3.86 | CM64: 2.11 | CN64: 3.7 | CO64: 3.86 | CP64: 2.05 | CQ64: 3.6 | CR64: 3.57 | CS64: 2.12 | CT64: 3.75 | CU64: 3.75 | CV64: 1.73 | CW64: 2.1 | CX64: 1.79 | CY64: 2.13 | CZ64: 1.79 | DA64: 2.2 | DB64: 1.76 | DC64: 2.1 | DD64: 1.8 | DE64: 2.22 | DF64: -0.5 | DG64: 2.05 | DH64: 1.75 | DI64: 2.11 | DJ64: 1.81 | DK64: 2.11 | DL64: 1.86 | DM64: 2.06 | DN64: 1.8 | DO64: 2.12 | DP64: 1.88
A65: E0 | B65: 45422 | C65: 0.625 | D65: Leicester | E65: Bournemouth | F65: 1 | G65: 0 | H65: H | I65: 1 | J65: 0 | K65: H | L65: D Bond | M65: 6 | N65: 17 | O65: 2 | P65: 2 | Q65: 12 | R65: 14 | S65: 0 | T65: 9 | U65: 4 | V65: 1 | W65: 0 | X65: 0 | Y65: 3.1 | Z65: 3.75 | AA65: 2.15 | AB65: 3.1 | AC65: 3.7 | AD65: 2.15 | AE65: 3.4 | AF65: 3.6 | AG65: 2.15 | AH65: 3.35 | AI65: 3.63 | AJ65: 2.17 | AK65: 3.2 | AL65: 3.7 | AM65: 2.15 | AN65: 3.32 | AO65: 3.81 | AP65: 2.16 | AQ65: 3.4 | AR65: 3.81 | AS65: 2.22 | AT65: 3.24 | AU65: 3.66 | AV65: 2.17 | AW65: 3.5 | AX65: 3.75 | AY65: 2.22 | AZ65: 1.67 | BA65: 2.2 | BB65: 1.73 | BC65: 2.2 | BD65: 1.74 | BE65: 2.29 | BF65: 1.69 | BG65: 2.21 | BH65: 1.72 | BI65: 2.32 | BJ65: 0.25 | BK65: 1.99 | BL65: 1.91 | BM65: 2.01 | BN65: 1.89 | BO65: 2.02 | BP65: 1.93 | BQ65: 1.97 | BR65: 1.87 | BS65: 2.07 | BT65: 1.92 | BU65: 3.5 | BV65: 3.9 | BW65: 2 | BX65: 3.4 | BY65: 3.7 | BZ65: 2.05 | CA65: 3.6 | CB65: 3.75 | CC65: 1.95 | CD65: 3.7 | CE65: 3.81 | CF65: 2.02 | CG65: 3.5 | CH65: 3.7 | CI65: 2.05 | CJ65: 3.42 | CK65: 3.94 | CL65: 2.06 | CM65: 3.7 | CN65: 3.94 | CO65: 2.11 | CP65: 3.5 | CQ65: 3.79 | CR65: 2.04 | CS65: 3.7 | CT65: 4 | CU65: 2.06 | CV65: 1.62 | CW65: 2.3 | CX65: 1.65 | CY65: 2.36 | CZ65: 1.67 | DA65: 2.42 | DB65: 1.63 | DC65: 2.33 | DD65: 1.69 | DE65: 2.42 | DF65: 0.5 | DG65: 1.89 | DH65: 2.06 | DI65: 1.9 | DJ65: 2.03 | DK65: 1.9 | DL65: 2.09 | DM65: 1.84 | DN65: 2.05 | DO65: 1.92 | DP65: 2.06
A66: E0 | B66: 45422 | C66: 0.625 | D66: Man City | E66: Fulham | F66: 3 | G66: 2 | H66: H | I66: 1 | J66: 1 | K66: D | L66: P Bankes | M66: 20 | N66: 11 | O66: 7 | P66: 4 | Q66: 4 | R66: 10 | S66: 8 | T66: 3 | U66: 2 | V66: 1 | W66: 0 | X66: 0 | Y66: 1.25 | Z66: 7 | AA66: 9.5 | AB66: 1.24 | AC66: 6.75 | AD66: 11 | AE66: 1.22 | AF66: 7 | AG66: 12 | AH66: 1.23 | AI66: 7.15 | AJ66: 10.66 | AK66: 1.25 | AL66: 6 | AM66: 12 | AN66: 1.27 | AO66: 6.52 | AP66: 11.4 | AQ66: 1.27 | AR66: 7.6 | AS66: 12 | AT66: 1.24 | AU66: 6.85 | AV66: 11.11 | AW66: 1.26 | AX66: 7.6 | AY66: 13 | AZ66: 1.44 | BA66: 2.75 | BB66: 1.47 | BC66: 2.74 | BD66: 1.49 | BE66: 2.82 | BF66: 1.45 | BG66: 2.74 | BH66: 1.5 | BI66: 2.9 | BJ66: -1.75 | BK66: 1.9 | BL66: 2 | BM66: 1.91 | BN66: 1.98 | BO66: 1.95 | BP66: 2.03 | BQ66: 1.88 | BR66: 1.96 | BS66: 1.98 | BT66: 2 | BU66: 1.25 | BV66: 6.5 | BW66: 10 | BX66: 1.27 | BY66: 6.25 | BZ66: 10.5 | CA66: 1.22 | CB66: 6 | CC66: 11 | CD66: 1.26 | CE66: 6.52 | CF66: 11.37 | CG66: 1.29 | CH66: 6 | CI66: 11 | CJ66: 1.27 | CK66: 6.69 | CL66: 10.8 | CM66: 1.29 | CN66: 6.8 | CO66: 12 | CP66: 1.26 | CQ66: 6.4 | CR66: 10.93 | CS66: 1.29 | CT66: 6.6 | CU66: 12.5 | CV66: 1.5 | CW66: 2.63 | CX66: 1.52 | CY66: 2.65 | CZ66: 1.53 | DA66: 2.76 | DB66: 1.49 | DC66: 2.68 | DD66: 1.53 | DE66: 2.86 | DF66: -1.75 | DG66: 2.02 | DH66: 1.91 | DI66: 2.01 | DJ66: 1.9 | DK66: 2.03 | DL66: 1.98 | DM66: 1.97 | DN66: 1.89 | DO66: 2.05 | DP66: 1.94
A67: E0 | B67: 45422 | C67: 0.625 | D67: West Ham | E67: Ipswich | F67: 4 | G67: 1 | H67: H | I67: 2 | J67: 1 | K67: H | L67: A Taylor | M67: 23 | N67: 9 | O67: 13 | P67: 2 | Q67: 12 | R67: 6 | S67: 5 | T67: 5 | U67: 0 | V67: 1 | W67: 0 | X67: 0 | Y67: 1.8 | Z67: 3.8 | AA67: 4.33 | AB67: 1.8 | AC67: 3.9 | AD67: 4.1 | AE67: 1.75 | AF67: 3.9 | AG67: 4.4 | AH67: 1.81 | AI67: 4.02 | AJ67: 4.29 | AK67: 1.8 | AL67: 3.9 | AM67: 4.33 | AN67: 1.83 | AO67: 4.06 | AP67: 4.28 | AQ67: 1.86 | AR67: 4.1 | AS67: 4.45 | AT67: 1.8 | AU67: 3.96 | AV67: 4.25 | AW67: 1.83 | AX67: 4.1 | AY67: 4.6 | AZ67: 1.67 | BA67: 2.2 | BB67: 1.71 | BC67: 2.22 | BD67: 1.72 | BE67: 2.29 | BF67: 1.69 | BG67: 2.21 | BH67: 1.72 | BI67: 2.32 | BJ67: -0.75 | BK67: 2.04 | BL67: 1.86 | BM67: 2.04 | BN67: 1.87 | BO67: 2.06 | BP67: 1.89 | BQ67: 2.02 | BR67: 1.83 | BS67: 2.07 | BT67: 1.92 | BU67: 1.9 | BV67: 3.8 | BW67: 3.8 | BX67: 1.9 | BY67: 3.75 | BZ67: 3.9 | CA67: 1.85 | CB67: 3.7 | CC67: 4 | CD67: 1.92 | CE67: 3.84 | CF67: 4.05 | CG67: 1.91 | CH67: 3.75 | CI67: 3.9 | CJ67: 1.87 | CK67: 3.91 | CL67: 4.18 | CM67: 2 | CN67: 3.91 | CO67: 4.18 | CP67: 1.91 | CQ67: 3.79 | CR67: 3.98 | CS67: 1.94 | CT67: 3.9 | CU67: 4.3 | CV67: 1.73 | CW67: 2.1 | CX67: 1.74 | CY67: 2.2 | CZ67: 1.78 | DA67: 2.31 | DB67: 1.73 | DC67: 2.15 | DD67: 1.77 | DE67: 2.28 | DF67: -0.5 | DG67: 1.94 | DH67: 1.99 | DI67: 1.93 | DJ67: 2 | DK67: 1.95 | DL67: 2.02 | DM67: 1.9 | DN67: 1.97 | DO67: 1.94 | DP67: 2.05
A68: E0 | B68: 45422 | C68: 0.72916667 | D68: Everton | E68: Newcastle | F68: 0 | G68: 0 | H68: D | I68: 0 | J68: 0 | K68: D | L68: C Pawson | M68: 8 | N68: 14 | O68: 2 | P68: 3 | Q68: 12 | R68: 8 | S68: 0 | T68: 10 | U68: 1 | V68: 2 | W68: 0 | X68: 0 | Y68: 3.2 | Z68: 3.6 | AA68: 2.2 | AB68: 3.1 | AC68: 3.6 | AD68: 2.2 | AE68: 3.1 | AF68: 3.6 | AG68: 2.25 | AH68: 3.18 | AI68: 3.59 | AJ68: 2.27 | AK68: 3.1 | AL68: 3.7 | AM68: 2.2 | AN68: 3.14 | AO68: 3.77 | AP68: 2.26 | AQ68: 3.25 | AR68: 3.77 | AS68: 2.29 | AT68: 3.15 | AU68: 3.62 | AV68: 2.23 | AW68: 3.25 | AX68: 3.75 | AY68: 2.32 | AZ68: 1.67 | BA68: 2.2 | BB68: 1.73 | BC68: 2.19 | BD68: 1.75 | BE68: 2.29 | BF68: 1.69 | BG68: 2.21 | BH68: 1.72 | BI68: 2.3 | BJ68: 0.25 | BK68: 1.95 | BL68: 1.95 | BM68: 1.93 | BN68: 1.98 | BO68: 1.96 | BP68: 1.98 | BQ68: 1.92 | BR68: 1.92 | BS68: 1.97 | BT68: 2.01 | BU68: 3.7 | BV68: 3.7 | BW68: 1.95 | BX68: 3.6 | BY68: 3.75 | BZ68: 1.95 | CA68: 3.7 | CB68: 3.75 | CC68: 1.95 | CD68: 3.71 | CE68: 3.77 | CF68: 2 | CG68: 3.6 | CH68: 3.7 | CI68: 2 | CJ68: 3.96 | CK68: 3.78 | CL68: 1.94 | CM68: 3.96 | CN68: 3.9 | CO68: 2.04 | CP68: 3.67 | CQ68: 3.74 | CR68: 1.98 | CS68: 3.9 | CT68: 3.9 | CU68: 2.02 | CV68: 1.73 | CW68: 2.1 | CX68: 1.72 | CY68: 2.22 | CZ68: 1.73 | DA68: 2.32 | DB68: 1.67 | DC68: 2.23 | DD68: 1.75 | DE68: 2.3 | DF68: 0.5 | DG68: 1.92 | DH68: 2.01 | DI68: 1.92 | DJ68: 2.01 | DK68: 1.93 | DL68: 2.01 | DM68: 1.87 | DN68: 1.99 | DO68: 1.96 | DP68: 2.02
A69: E0 | B69: 45453 | C69: 0.58333333 | D69: Aston Villa | E69: Man United | F69: 0 | G69: 0 | H69: D | I69: 0 | J69: 0 | K69: D | L69: R Jones | M69: 11 | N69: 10 | O69: 1 | P69: 4 | Q69: 12 | R69: 11 | S69: 6 | T69: 3 | U69: 1 | V69: 5 | W69: 0 | X69: 0 | Y69: 2.2 | Z69: 3.75 | AA69: 3 | AB69: 2.2 | AC69: 3.7 | AD69: 3 | AE69: 2.2 | AF69: 3.8 | AG69: 3 | AH69: 2.22 | AI69: 3.87 | AJ69: 3.09 | AK69: 2.2 | AL69: 3.7 | AM69: 3.1 | AN69: 2.22 | AO69: 3.99 | AP69: 3.08 | AQ69: 2.25 | AR69: 3.99 | AS69: 3.2 | AT69: 2.21 | AU69: 3.82 | AV69: 3.06 | AW69: 2.28 | AX69: 3.95 | AY69: 3.2 | AZ69: 1.53 | BA69: 2.5 | BB69: 1.55 | BC69: 2.57 | BD69: 1.55 | BE69: 2.63 | BF69: 1.53 | BG69: 2.52 | BH69: 1.59 | BI69: 2.64 | BJ69: -0.25 | BK69: 1.95 | BL69: 1.95 | BM69: 1.95 | BN69: 1.95 | BO69: 1.97 | BP69: 1.97 | BQ69: 1.91 | BR69: 1.93 | BS69: 1.99 | BT69: 2 | BU69: 2.1 | BV69: 3.9 | BW69: 3.1 | BX69: 2.2 | BY69: 3.8 | BZ69: 3 | CA69: 2.15 | CB69: 3.75 | CC69: 3 | CD69: 2.23 | CE69: 3.84 | CF69: 3.13 | CG69: 2.25 | CH69: 3.75 | CI69: 3 | CJ69: 2.23 | CK69: 3.99 | CL69: 3.02 | CM69: 2.25 | CN69: 3.99 | CO69: 3.24 | CP69: 2.2 | CQ69: 3.86 | CR69: 3.06 | CS69: 2.24 | CT69: 4 | CU69: 3.2 | CV69: 1.44 | CW69: 2.75 | CX69: 1.49 | CY69: 2.72 | CZ69: 1.5 | DA69: 2.88 | DB69: 1.47 | DC69: 2.73 | DD69: 1.52 | DE69: 2.88 | DF69: -0.25 | DG69: 1.88 | DH69: 2.05 | DI69: 1.96 | DJ69: 1.96 | DK69: 1.99 | DL69: 2.05 | DM69: 1.91 | DN69: 1.95 | DO69: 1.96 | DP69: 2.02
A70: E0 | B70: 45453 | C70: 0.58333333 | D70: Chelsea | E70: Nott'm Forest | F70: 1 | G70: 1 | H70: D | I70: 0 | J70: 0 | K70: D | L70: C Kavanagh | M70: 22 | N70: 16 | O70: 8 | P70: 9 | Q70: 12 | R70: 11 | S70: 11 | T70: 3 | U70: 6 | V70: 2 | W70: 0 | X70: 1 | Y70: 1.48 | Z70: 4.5 | AA70: 6.5 | AB70: 1.47 | AC70: 4.6 | AD70: 6.25 | AE70: 1.44 | AF70: 4.6 | AG70: 7 | AH70: 1.5 | AI70: 4.81 | AJ70: 6.2 | AK70: 1.5 | AL70: 4.5 | AM70: 6.5 | AN70: 1.52 | AO70: 4.79 | AP70: 6.31 | AQ70: 1.52 | AR70: 4.95 | AS70: 7 | AT70: 1.48 | AU70: 4.73 | AV70: 6.32 | AW70: 1.5 | AX70: 4.9 | AY70: 7.4 | AZ70: 1.57 | BA70: 2.38 | BB70: 1.57 | BC70: 2.49 | BD70: 1.59 | BE70: 2.55 | BF70: 1.55 | BG70: 2.46 | BH70: 1.6 | BI70: 2.6 | BJ70: -1.25 | BK70: 2.05 | BL70: 1.85 | BM70: 2.07 | BN70: 1.85 | BO70: 2.09 | BP70: 1.88 | BQ70: 2.02 | BR70: 1.83 | BS70: 2.11 | BT70: 1.86 | BU70: 1.48 | BV70: 4.5 | BW70: 6.5 | BX70: 1.5 | BY70: 4.5 | BZ70: 6.25 | CA70: 1.47 | CB70: 4.5 | CC70: 6 | CD70: 1.52 | CE70: 4.7 | CF70: 6.34 | CG70: 1.5 | CH70: 4.4 | CI70: 7 | CJ70: 1.5 | CK70: 4.59 | CL70: 6.94 | CM70: 1.53 | CN70: 4.75 | CO70: 7 | CP70: 1.5 | CQ70: 4.6 | CR70: 6.34 | CS70: 1.55 | CT70: 4.8 | CU70: 6.6 | CV70: 1.57 | CW70: 2.38 | CX70: 1.62 | CY70: 2.41 | CZ70: 1.63 | DA70: 2.49 | DB70: 1.59 | DC70: 2.41 | DD70: 1.65 | DE70: 2.52 | DF70: -1.25 | DG70: 2.09 | DH70: 1.84 | DI70: 2.11 | DJ70: 1.81 | DK70: 2.13 | DL70: 1.88 | DM70: 2.07 | DN70: 1.8 | DO70: 2.16 | DP70: 1.85
A71: E0 | B71: 45453 | C71: 0.6875 | D71: Brighton | E71: Tottenham | F71: 3 | G71: 2 | H71: H | I71: 0 | J71: 2 | K71: A | L71: D Coote | M71: 11 | N71: 13 | O71: 4 | P71: 3 | Q71: 14 | R71: 10 | S71: 4 | T71: 7 | U71: 2 | V71: 2 | W71: 0 | X71: 0 | Y71: 2.9 | Z71: 4 | AA71: 2.2 | AB71: 2.85 | AC71: 4 | AD71: 2.25 | AE71: 2.88 | AF71: 3.9 | AG71: 2.25 | AH71: 2.95 | AI71: 3.99 | AJ71: 2.25 | AK71: 2.9 | AL71: 4 | AM71: 2.2 | AN71: 2.94 | AO71: 4.18 | AP71: 2.24 | AQ71: 2.99 | AR71: 4.18 | AS71: 2.28 | AT71: 2.9 | AU71: 4.01 | AV71: 2.23 | AW71: 3 | AX71: 4.1 | AY71: 2.34 | AZ71: 1.4 | BA71: 3 | BB71: 1.42 | BC71: 3 | BD71: 1.42 | BE71: 3.12 | BF71: 1.39 | BG71: 3 | BH71: 1.41 | BI71: 3.35 | BJ71: 0.25 | BK71: 1.93 | BL71: 1.97 | BM71: 1.92 | BN71: 1.99 | BO71: 1.94 | BP71: 1.99 | BQ71: 1.89 | BR71: 1.94 | BS71: 1.93 | BT71: 2.05 | BU71: 2.9 | BV71: 3.9 | BW71: 2.15 | BX71: 2.85 | BY71: 3.8 | BZ71: 2.25 | CA71: 2.88 | CB71: 3.75 | CC71: 2.2 | CD71: 2.94 | CE71: 3.95 | CF71: 2.3 | CG71: 2.9 | CH71: 3.8 | CI71: 2.3 | CJ71: 3.06 | CK71: 4.04 | CL71: 2.19 | CM71: 3.06 | CN71: 4.1 | CO71: 2.33 | CP71: 2.89 | CQ71: 3.93 | CR71: 2.27 | CS71: 3.1 | CT71: 4 | CU71: 2.3 | CV71: 1.4 | CW71: 3 | CX71: 1.42 | CY71: 3.02 | CZ71: 1.43 | DA71: 3.14 | DB71: 1.4 | DC71: 3.03 | DD71: 1.43 | DE71: 3.25 | DF71: 0.25 | DG71: 1.94 | DH71: 1.99 | DI71: 1.9 | DJ71: 2.03 | DK71: 1.97 | DL71: 2.03 | DM71: 1.88 | DN71: 1.99 | DO71: 1.93 | DP71: 2.06
A72: E0 | B72: 19/10/2024 | C72: 0.52083333 | D72: Tottenham | E72: West Ham | F72: 4 | G72: 1 | H72: H | I72: 1 | J72: 1 | K72: D | L72: A Madley | M72: 22 | N72: 11 | O72: 7 | P72: 4 | Q72: 10 | R72: 15 | S72: 13 | T72: 5 | U72: 1 | V72: 3 | W72: 0 | X72: 1 | Y72: 1.5 | Z72: 5 | AA72: 5.25 | AB72: 1.5 | AC72: 4.8 | AD72: 5.75 | AE72: 1.47 | AF72: 4.2 | AG72: 6 | AH72: 1.5 | AI72: 5.01 | AJ72: 5.88 | AK72: 1.53 | AL72: 4.75 | AM72: 5.5 | AN72: 1.53 | AO72: 5.04 | AP72: 5.76 | AQ72: 1.54 | AR72: 5.1 | AS72: 6 | AT72: 1.5 | AU72: 4.91 | AV72: 5.73 | AW72: 1.54 | AX72: 5.2 | AY72: 6.2 | AZ72: 1.36 | BA72: 3.2 | BB72: 1.38 | BC72: 3.18 | BD72: 1.4 | BE72: 3.22 | BF72: 1.37 | BG72: 3.08 | BH72: 1.42 | BI72: 3.3 | BJ72: -1.25 | BK72: 2.04 | BL72: 1.86 | BM72: 2.04 | BN72: 1.88 | BO72: 2.07 | BP72: 1.88 | BQ72: 2.01 | BR72: 1.84 | BS72: 2.06 | BT72: 1.88 | BU72: 1.45 | BV72: 5.25 | BW72: 5.75 | BX72: 1.46 | BY72: 5 | BZ72: 6.25 | CA72: 1.44 | CB72: 4.5 | CC72: 6 | CD72: 1.45 | CE72: 5.45 | CF72: 6.25 | CG72: 1.44 | CH72: 5 | CI72: 6.5 | CJ72: 1.49 | CK72: 5.37 | CL72: 5.88 | CM72: 1.49 | CN72: 5.5 | CO72: 6.6 | CP72: 1.45 | CQ72: 5.23 | CR72: 6.17 | CS72: 1.48 | CT72: 5.6 | CU72: 6.6 | CV72: 1.33 | CW72: 3.4 | CX72: 1.35 | CY72: 3.4 | CZ72: 1.38 | DA72: 3.56 | DB72: 1.34 | DC72: 3.34 | DD72: 1.38 | DE72: 3.55 | DF72: -1.25 | DG72: 1.93 | DH72: 2 | DI72: 1.93 | DJ72: 2 | DK72: 1.94 | DL72: 2.02 | DM72: 1.9 | DN72: 1.96 | DO72: 1.96 | DP72: 2.03
A73: E0 | B73: 19/10/2024 | C73: 0.625 | D73: Fulham | E73: Aston Villa | F73: 1 | G73: 3 | H73: A | I73: 1 | J73: 1 | K73: D | L73: D England | M73: 10 | N73: 14 | O73: 4 | P73: 5 | Q73: 8 | R73: 11 | S73: 6 | T73: 11 | U73: 3 | V73: 3 | W73: 1 | X73: 1 | Y73: 2.45 | Z73: 3.5 | AA73: 2.8 | AB73: 2.4 | AC73: 3.5 | AD73: 2.85 | AE73: 2.4 | AF73: 3.4 | AG73: 2.9 | AH73: 2.46 | AI73: 3.5 | AJ73: 2.94 | AK73: 2.4 | AL73: 3.6 | AM73: 2.88 | AN73: 2.45 | AO73: 3.71 | AP73: 2.88 | AQ73: 2.5 | AR73: 3.71 | AS73: 2.98 | AT73: 2.44 | AU73: 3.5 | AV73: 2.89 | AW73: 2.52 | AX73: 3.6 | AY73: 3 | AZ73: 1.73 | BA73: 2.1 | BB73: 1.75 | BC73: 2.17 | BD73: 1.78 | BE73: 2.2 | BF73: 1.73 | BG73: 2.14 | BH73: 1.77 | BI73: 2.26 | BJ73: -0.25 | BK73: 2.08 | BL73: 1.7 | BM73: 2.13 | BN73: 1.8 | BO73: 2.13 | BP73: 1.8 | BQ73: 2.08 | BR73: 1.77 | BS73: 2.17 | BT73: 1.84 | BU73: 2.45 | BV73: 3.4 | BW73: 2.8 | BX73: 2.45 | BY73: 3.5 | BZ73: 2.8 | CA73: 2.45 | CB73: 3.4 | CC73: 2.88 | CD73: 2.48 | CE73: 3.46 | CF73: 2.98 | CG73: 2.5 | CH73: 3.5 | CI73: 2.8 | CJ73: 2.54 | CK73: 3.5 | CL73: 2.86 | CM73: 2.55 | CN73: 3.5 | CO73: 3 | CP73: 2.48 | CQ73: 3.44 | CR73: 2.89 | CS73: 2.56 | CT73: 3.55 | CU73: 3 | CV73: 1.8 | CW73: 2 | CX73: 1.83 | CY73: 2.06 | CZ73: 1.9 | DA73: 2.13 | DB73: 1.81 | DC73: 2.04 | DD73: 1.85 | DE73: 2.16 | DF73: -0.25 | DG73: 2.08 | DH73: 1.73 | DI73: 2.15 | DJ73: 1.81 | DK73: 2.16 | DL73: 1.82 | DM73: 2.11 | DN73: 1.77 | DO73: 2.2 | DP73: 1.82
A74: E0 | B74: 19/10/2024 | C74: 0.625 | D74: Ipswich | E74: Everton | F74: 0 | G74: 2 | H74: A | I74: 0 | J74: 2 | K74: A | L74: M Oliver | M74: 13 | N74: 11 | O74: 2 | P74: 8 | Q74: 12 | R74: 10 | S74: 5 | T74: 8 | U74: 1 | V74: 1 | W74: 0 | X74: 0 | Y74: 2.38 | Z74: 3.3 | AA74: 3 | AB74: 2.4 | AC74: 3.4 | AD74: 2.9 | AE74: 2.4 | AF74: 3.4 | AG74: 3 | AH74: 2.4 | AI74: 3.43 | AJ74: 3.07 | AK74: 2.4 | AL74: 3.4 | AM74: 3 | AN74: 2.42 | AO74: 3.48 | AP74: 3.08 | AQ74: 2.42 | AR74: 3.5 | AS74: 3.11 | AT74: 2.4 | AU74: 3.42 | AV74: 3.01 | AW74: 2.48 | AX74: 3.5 | AY74: 3.15 | AZ74: 1.86 | BA74: 2.04 | BB74: 1.86 | BC74: 2.03 | BD74: 1.88 | BE74: 2.06 | BF74: 1.83 | BG74: 2.01 | BH74: 1.88 | BI74: 2.1 | BJ74: -0.25 | BK74: 2.08 | BL74: 1.82 | BM74: 2.08 | BN74: 1.84 | BO74: 2.12 | BP74: 1.84 | BQ74: 2.05 | BR74: 1.81 | BS74: 2.12 | BT74: 1.87 | BU74: 2.38 | BV74: 3.4 | BW74: 2.9 | BX74: 2.35 | BY74: 3.4 | BZ74: 3.1 | CA74: 2.3 | CB74: 3.4 | CC74: 3.1 | CD74: 2.44 | CE74: 3.43 | CF74: 3.06 | CG74: 2.38 | CH74: 3.3 | CI74: 3.1 | CJ74: 2.43 | CK74: 3.58 | CL74: 2.95 | CM74: 2.44 | CN74: 3.6 | CO74: 3.2 | CP74: 2.38 | CQ74: 3.43 | CR74: 3.05 | CS74: 2.48 | CT74: 3.5 | CU74: 3.15 | CV74: 1.88 | CW74: 2.02 | CX74: 1.88 | CY74: 2.03 | CZ74: 1.92 | DA74: 2.1 | DB74: 1.86 | DC74: 2 | DD74: 1.91 | DE74: 2.08 | DF74: -0.25 | DG74: 2.1 | DH74: 1.83 | DI74: 2.11 | DJ74: 1.83 | DK74: 2.11 | DL74: 1.87 | DM74: 2.03 | DN74: 1.84 | DO74: 2.12 | DP74: 1.88
A75: E0 | B75: 19/10/2024 | C75: 0.625 | D75: Man United | E75: Brentford | F75: 2 | G75: 1 | H75: H | I75: 0 | J75: 1 | K75: A | L75: S Barrott | M75: 23 | N75: 8 | O75: 11 | P75: 2 | Q75: 14 | R75: 5 | S75: 9 | T75: 2 | U75: 2 | V75: 2 | W75: 0 | X75: 0 | Y75: 1.7 | Z75: 4.2 | AA75: 4.5 | AB75: 1.7 | AC75: 4.2 | AD75: 4.5 | AE75: 1.67 | AF75: 4.33 | AG75: 4.6 | AH75: 1.72 | AI75: 4.37 | AJ75: 4.43 | AK75: 1.7 | AL75: 4.2 | AM75: 4.5 | AN75: 1.74 | AO75: 4.38 | AP75: 4.48 | AQ75: 1.75 | AR75: 4.5 | AS75: 4.75 | AT75: 1.71 | AU75: 4.28 | AV75: 4.48 | AW75: 1.74 | AX75: 4.5 | AY75: 4.8 | AZ75: 1.5 | BA75: 2.63 | BB75: 1.51 | BC75: 2.64 | BD75: 1.53 | BE75: 2.66 | BF75: 1.49 | BG75: 2.58 | BH75: 1.56 | BI75: 2.68 | BJ75: -0.75 | BK75: 1.83 | BL75: 1.95 | BM75: 1.92 | BN75: 1.99 | BO75: 1.92 | BP75: 2.04 | BQ75: 1.87 | BR75: 1.97 | BS75: 1.93 | BT75: 2.05 | BU75: 1.62 | BV75: 4.2 | BW75: 5 | BX75: 1.7 | BY75: 4.2 | BZ75: 4.5 | CA75: 1.7 | CB75: 4.2 | CC75: 4.6 | CD75: 1.67 | CE75: 4.41 | CF75: 4.92 | CG75: 1.7 | CH75: 4.2 | CI75: 4.6 | CJ75: 1.68 | CK75: 4.19 | CL75: 5.09 | CM75: 1.73 | CN75: 4.5 | CO75: 5.09 | CP75: 1.69 | CQ75: 4.27 | CR75: 4.72 | CS75: 1.71 | CT75: 4.4 | CU75: 5.2 | CV75: 1.5 | CW75: 2.63 | CX75: 1.51 | CY75: 2.68 | CZ75: 1.57 | DA75: 2.75 | DB75: 1.51 | DC75: 2.62 | DD75: 1.55 | DE75: 2.78 | DF75: -0.75 | DG75: 1.75 | DH75: 2.05 | DI75: 1.84 | DJ75: 2.1 | DK75: 1.91 | DL75: 2.13 | DM75: 1.84 | DN75: 2.03 | DO75: 1.91 | DP75: 2.08
A76: E0 | B76: 19/10/2024 | C76: 0.625 | D76: Newcastle | E76: Brighton | F76: 0 | G76: 1 | H76: A | I76: 0 | J76: 1 | K76: A | L76: P Bankes | M76: 21 | N76: 10 | O76: 6 | P76: 5 | Q76: 11 | R76: 9 | S76: 9 | T76: 4 | U76: 2 | V76: 2 | W76: 0 | X76: 0 | Y76: 1.95 | Z76: 3.7 | AA76: 3.6 | AB76: 2 | AC76: 3.75 | AD76: 3.5 | AE76: 1.95 | AF76: 3.9 | AG76: 3.6 | AH76: 2.01 | AI76: 3.91 | AJ76: 3.55 | AK76: 2 | AL76: 3.8 | AM76: 3.5 | AN76: 2.03 | AO76: 4.08 | AP76: 3.48 | AQ76: 2.05 | AR76: 4.08 | AS76: 3.66 | AT76: 2.01 | AU76: 3.88 | AV76: 3.51 | AW76: 2.02 | AX76: 4 | AY76: 3.75 | AZ76: 1.49 | BA76: 2.45 | BB76: 1.52 | BC76: 2.63 | BD76: 1.54 | BE76: 2.69 | BF76: 1.51 | BG76: 2.56 | BH76: 1.56 | BI76: 2.68 | BJ76: -0.5 | BK76: 2.01 | BL76: 1.89 | BM76: 2.02 | BN76: 1.88 | BO76: 2.04 | BP76: 1.92 | BQ76: 2 | BR76: 1.86 | BS76: 2.02 | BT76: 1.96 | BU76: 1.73 | BV76: 4 | BW76: 4.5 | BX76: 1.71 | BY76: 4.1 | BZ76: 4.5 | CA76: 1.7 | CB76: 3.9 | CC76: 4.75 | CD76: 1.75 | CE76: 4.08 | CF76: 4.67 | CG76: 1.7 | CH76: 4 | CI76: 4.75 | CJ76: 1.78 | CK76: 4.08 | CL76: 4.43 | CM76: 1.78 | CN76: 4.25 | CO76: 4.9 | CP76: 1.73 | CQ76: 4.08 | CR76: 4.6 | CS76: 1.76 | CT76: 4.3 | CU76: 4.9 | CV76: 1.53 | CW76: 2.5 | CX76: 1.55 | CY76: 2.58 | CZ76: 1.55 | DA76: 2.66 | DB76: 1.51 | DC76: 2.59 | DD76: 1.56 | DE76: 2.74 | DF76: -0.75 | DG76: 1.95 | DH76: 1.98 | DI76: 1.96 | DJ76: 1.96 | DK76: 1.96 | DL76: 2.04 | DM76: 1.91 | DN76: 1.96 | DO76: 1.96 | DP76: 2.02
A77: E0 | B77: 19/10/2024 | C77: 0.625 | D77: Southampton | E77: Leicester | F77: 2 | G77: 3 | H77: A | I77: 2 | J77: 0 | K77: H | L77: A Taylor | M77: 14 | N77: 18 | O77: 7 | P77: 4 | Q77: 10 | R77: 10 | S77: 10 | T77: 6 | U77: 5 | V77: 3 | W77: 1 | X77: 0 | Y77: 2.3 | Z77: 3.5 | AA77: 3 | AB77: 2.35 | AC77: 3.5 | AD77: 2.9 | AE77: 2.3 | AF77: 3.5 | AG77: 3 | AH77: 2.34 | AI77: 3.53 | AJ77: 3.09 | AK77: 2.38 | AL77: 3.5 | AM77: 3 | AN77: 2.36 | AO77: 3.61 | AP77: 3.08 | AQ77: 2.38 | AR77: 3.63 | AS77: 3.14 | AT77: 2.33 | AU77: 3.54 | AV77: 3.03 | AW77: 2.42 | AX77: 3.65 | AY77: 3.15 | AZ77: 1.73 | BA77: 2.1 | BB77: 1.79 | BC77: 2.11 | BD77: 1.8 | BE77: 2.16 | BF77: 1.76 | BG77: 2.08 | BH77: 1.82 | BI77: 2.14 | BJ77: -0.25 | BK77: 1.97 | BL77: 1.81 | BM77: 2.03 | BN77: 1.88 | BO77: 2.06 | BP77: 1.89 | BQ77: 1.99 | BR77: 1.85 | BS77: 2.08 | BT77: 1.9 | BU77: 2.15 | BV77: 3.6 | BW77: 3.25 | BX77: 2.15 | BY77: 3.5 | BZ77: 3.3 | CA77: 2.15 | CB77: 3.4 | CC77: 3.4 | CD77: 2.23 | CE77: 3.5 | CF77: 3.41 | CG77: 2.2 | CH77: 3.5 | CI77: 3.3 | CJ77: 2.25 | CK77: 3.67 | CL77: 3.2 | CM77: 2.25 | CN77: 3.67 | CO77: 3.45 | CP77: 2.2 | CQ77: 3.54 | CR77: 3.32 | CS77: 2.28 | CT77: 3.6 | CU77: 3.45 | CV77: 1.73 | CW77: 2.1 | CX77: 1.78 | CY77: 2.12 | CZ77: 1.83 | DA77: 2.2 | DB77: 1.76 | DC77: 2.11 | DD77: 1.81 | DE77: 2.18 | DF77: -0.25 | DG77: 1.89 | DH77: 2.01 | DI77: 1.93 | DJ77: 2 | DK77: 1.93 | DL77: 2.03 | DM77: 1.89 | DN77: 1.98 | DO77: 1.97 | DP77: 2.02
A78: E0 | B78: 19/10/2024 | C78: 0.72916667 | D78: Bournemouth | E78: Arsenal | F78: 2 | G78: 0 | H78: H | I78: 0 | J78: 0 | K78: D | L78: R Jones | M78: 13 | N78: 6 | O78: 4 | P78: 1 | Q78: 12 | R78: 11 | S78: 7 | T78: 4 | U78: 1 | V78: 1 | W78: 0 | X78: 1 | Y78: 5 | Z78: 3.9 | AA78: 1.65 | AB78: 4.8 | AC78: 4.1 | AD78: 1.66 | AE78: 5 | AF78: 3.9 | AG78: 1.67 | AH78: 5.01 | AI78: 4.13 | AJ78: 1.68 | AK78: 5 | AL78: 4 | AM78: 1.67 | AN78: 4.99 | AO78: 4.23 | AP78: 1.7 | AQ78: 5.1 | AR78: 4.23 | AS78: 1.71 | AT78: 4.94 | AU78: 4.09 | AV78: 1.68 | AW78: 5.5 | AX78: 4.1 | AY78: 1.72 | AZ78: 1.73 | BA78: 2.1 | BB78: 1.74 | BC78: 2.18 | BD78: 1.75 | BE78: 2.2 | BF78: 1.72 | BG78: 2.15 | BH78: 1.79 | BI78: 2.22 | BJ78: 0.75 | BK78: 2.04 | BL78: 1.86 | BM78: 2.04 | BN78: 1.88 | BO78: 2.06 | BP78: 1.88 | BQ78: 2.01 | BR78: 1.84 | BS78: 2.07 | BT78: 1.89 | BU78: 4.75 | BV78: 3.7 | BW78: 1.75 | BX78: 4.75 | BY78: 3.7 | BZ78: 1.75 | CA78: 5 | CB78: 3.7 | CC78: 1.75 | CD78: 5.17 | CE78: 3.71 | CF78: 1.76 | CG78: 4.6 | CH78: 3.8 | CI78: 1.75 | CJ78: 5.37 | CK78: 3.76 | CL78: 1.73 | CM78: 5.37 | CN78: 3.85 | CO78: 1.85 | CP78: 4.85 | CQ78: 3.73 | CR78: 1.77 | CS78: 5.5 | CT78: 3.8 | CU78: 1.79 | CV78: 1.99 | CW78: 1.91 | CX78: 1.96 | CY78: 1.94 | CZ78: 1.99 | DA78: 2.08 | DB78: 1.89 | DC78: 1.96 | DD78: 1.98 | DE78: 2 | DF78: 0.75 | DG78: 1.92 | DH78: 2.01 | DI78: 1.93 | DJ78: 2 | DK78: 1.96 | DL78: 2.07 | DM78: 1.89 | DN78: 1.98 | DO78: 1.96 | DP78: 2.02
A79: E0 | B79: 20/10/2024 | C79: 0.58333333 | D79: Wolves | E79: Man City | F79: 1 | G79: 2 | H79: A | I79: 1 | J79: 1 | K79: D | L79: C Kavanagh | M79: 3 | N79: 22 | O79: 2 | P79: 7 | Q79: 8 | R79: 5 | S79: 1 | T79: 18 | U79: 4 | V79: 1 | W79: 0 | X79: 0 | Y79: 8 | Z79: 6 | AA79: 1.33 | AB79: 9 | AC79: 5.75 | AD79: 1.32 | AE79: 9.5 | AF79: 6 | AG79: 1.3 | AH79: 9.01 | AI79: 5.92 | AJ79: 1.32 | AK79: 9 | AL79: 5.5 | AM79: 1.33 | AN79: 9.25 | AO79: 5.91 | AP79: 1.34 | AQ79: 9.8 | AR79: 6 | AS79: 1.34 | AT79: 8.88 | AU79: 5.85 | AV79: 1.31 | AW79: 10 | AX79: 6.2 | AY79: 1.34 | AZ79: 1.44 | BA79: 2.75 | BB79: 1.48 | BC79: 2.73 | BD79: 1.5 | BE79: 2.95 | BF79: 1.45 | BG79: 2.75 | BH79: 1.5 | BI79: 2.92 | BJ79: 1.5 | BK79: 2.02 | BL79: 1.88 | BM79: 2.02 | BN79: 1.88 | BO79: 2.05 | BP79: 1.91 | BQ79: 2 | BR79: 1.86 | BS79: 2.05 | BT79: 1.91 | BU79: 8.5 | BV79: 5.5 | BW79: 1.33 | BX79: 7.5 | BY79: 5.5 | BZ79: 1.38 | CA79: 8.5 | CB79: 5 | CC79: 1.33 | CD79: 8.08 | CE79: 5.46 | CF79: 1.38 | CG79: 8.5 | CH79: 5.5 | CI79: 1.33 | CJ79: 9.11 | CK79: 5.6 | CL79: 1.34 | CM79: 9.11 | CN79: 6 | CO79: 1.39 | CP79: 8.3 | CQ79: 5.48 | CR79: 1.35 | CS79: 9.6 | CT79: 5.8 | CU79: 1.38 | CV79: 1.5 | CW79: 2.63 | CX79: 1.5 | CY79: 2.7 | CZ79: 1.52 | DA79: 2.79 | DB79: 1.49 | DC79: 2.67 | DD79: 1.54 | DE79: 2.82 | DF79: 1.5 | DG79: 1.85 | DH79: 2.08 | DI79: 1.85 | DJ79: 2.09 | DK79: 1.94 | DL79: 2.09 | DM79: 1.87 | DN79: 2 | DO79: 1.89 | DP79: 2.09
A80: E0 | B80: 20/10/2024 | C80: 0.6875 | D80: Liverpool | E80: Chelsea | F80: 2 | G80: 1 | H80: H | I80: 1 | J80: 0 | K80: H | L80: J Brooks | M80: 9 | N80: 12 | O80: 5 | P80: 2 | Q80: 12 | R80: 13 | S80: 1 | T80: 6 | U80: 4 | V80: 3 | W80: 0 | X80: 0 | Y80: 1.62 | Z80: 4.1 | AA80: 5 | AB80: 1.66 | AC80: 4.2 | AD80: 4.75 | AE80: 1.65 | AF80: 4.2 | AG80: 5 | AH80: 1.62 | AI80: 4.47 | AJ80: 5.08 | AK80: 1.65 | AL80: 4.33 | AM80: 4.8 | AN80: 1.65 | AO80: 4.69 | AP80: 4.84 | AQ80: 1.67 | AR80: 4.69 | AS80: 5.1 | AT80: 1.63 | AU80: 4.39 | AV80: 4.89 | AW80: 1.69 | AX80: 4.5 | AY80: 5.2 | AZ80: 1.4 | BA80: 3 | BB80: 1.41 | BC80: 3.02 | BD80: 1.43 | BE80: 3.07 | BF80: 1.4 | BG80: 2.93 | BH80: 1.46 | BI80: 3.1 | BJ80: -1 | BK80: 2.03 | BL80: 1.87 | BM80: 2 | BN80: 1.91 | BO80: 2.08 | BP80: 1.91 | BQ80: 2.02 | BR80: 1.85 | BS80: 2.06 | BT80: 1.89 | BU80: 1.67 | BV80: 4.33 | BW80: 4.2 | BX80: 1.68 | BY80: 4.33 | BZ80: 4.5 | CA80: 1.65 | CB80: 4.5 | CC80: 4.75 | CD80: 1.72 | CE80: 4.4 | CF80: 4.55 | CG80: 1.67 | CH80: 4.33 | CI80: 4.6 | CJ80: 1.68 | CK80: 4.58 | CL80: 4.58 | CM80: 1.72 | CN80: 4.6 | CO80: 5 | CP80: 1.67 | CQ80: 4.45 | CR80: 4.63 | CS80: 1.69 | CT80: 4.7 | CU80: 5 | CV80: 1.4 | CW80: 3 | CX80: 1.41 | CY80: 3.02 | CZ80: 1.42 | DA80: 3.3 | DB80: 1.39 | DC80: 3.04 | DD80: 1.44 | DE80: 3.25 | DF80: -0.75 | DG80: 1.9 | DH80: 2.03 | DI80: 1.92 | DJ80: 2.01 | DK80: 1.92 | DL80: 2.1 | DM80: 1.83 | DN80: 2.05 | DO80: 1.85 | DP80: 2.15
A81: E0 | B81: 21/10/2024 | C81: 0.83333333 | D81: Nott'm Forest | E81: Crystal Palace | F81: 1 | G81: 0 | H81: H | I81: 0 | J81: 0 | K81: D | L81: T Robinson | M81: 20 | N81: 20 | O81: 6 | P81: 7 | Q81: 9 | R81: 12 | S81: 6 | T81: 6 | U81: 2 | V81: 3 | W81: 0 | X81: 0 | Y81: 2.3 | Z81: 3.5 | AA81: 3 | AB81: 2.37 | AC81: 3.25 | AD81: 3.1 | AE81: 2.38 | AF81: 3.2 | AG81: 3 | AH81: 2.41 | AI81: 3.28 | AJ81: 3.19 | AK81: 2.38 | AL81: 3.25 | AM81: 3.2 | AN81: 2.41 | AO81: 3.41 | AP81: 3.16 | AQ81: 2.41 | AR81: 3.5 | AS81: 3.21 | AT81: 2.36 | AU81: 3.31 | AV81: 3.11 | AW81: 2.48 | AX81: 3.4 | AY81: 3.2 | AZ81: 2.1 | BA81: 1.73 | BB81: 2.17 | BC81: 1.75 | BD81: 2.23 | BE81: 1.76 | BF81: 2.14 | BG81: 1.73 | BH81: 2.26 | BI81: 1.75 | BJ81: -0.25 | BK81: 2.06 | BL81: 1.84 | BM81: 2.07 | BN81: 1.85 | BO81: 2.08 | BP81: 1.85 | BQ81: 2.01 | BR81: 1.83 | BS81: 2.13 | BT81: 1.87 | BU81: 2.3 | BV81: 3.3 | BW81: 3.1 | BX81: 2.35 | BY81: 3.2 | BZ81: 3.25 | CA81: 2.3 | CB81: 3.1 | CC81: 3.25 | CD81: 2.38 | CE81: 3.3 | CF81: 3.29 | CG81: 2.38 | CH81: 3.2 | CI81: 3.25 | CJ81: 2.3 | CK81: 3.39 | CL81: 3.32 | CM81: 2.42 | CN81: 3.39 | CO81: 3.32 | CP81: 2.36 | CQ81: 3.26 | CR81: 3.23 | CS81: 2.44 | CT81: 3.35 | CU81: 3.35 | CV81: 2.3 | CW81: 1.62 | CX81: 2.36 | CY81: 1.65 | CZ81: 2.38 | DA81: 1.68 | DB81: 2.31 | DC81: 1.64 | DD81: 2.42 | DE81: 1.7 | DF81: -0.25 | DG81: 2.05 | DH81: 1.88 | DI81: 2.04 | DJ81: 1.88 | DK81: 2.06 | DL81: 1.91 | DM81: 2.01 | DN81: 1.86 | DO81: 2.06 | DP81: 1.93
A82: E0 | B82: 25/10/2024 | C82: 0.83333333 | D82: Leicester | E82: Nott'm Forest | F82: 1 | G82: 3 | H82: A | I82: 1 | J82: 1 | K82: D | L82: C Pawson | M82: 11 | N82: 20 | O82: 1 | P82: 5 | Q82: 16 | R82: 9 | S82: 6 | T82: 7 | U82: 5 | V82: 2 | W82: 0 | X82: 0 | Y82: 3 | Z82: 3.3 | AA82: 2.4 | AB82: 3 | AC82: 3.25 | AD82: 2.4 | AE82: 3.1 | AF82: 3.3 | AG82: 2.4 | AH82: 3.14 | AI82: 3.35 | AJ82: 2.43 | AK82: 3.1 | AL82: 3.3 | AM82: 2.38 | AN82: 3.1 | AO82: 3.45 | AP82: 2.42 | AQ82: 3.2 | AR82: 3.45 | AS82: 2.45 | AT82: 3.09 | AU82: 3.32 | AV82: 2.41 | AW82: 3.2 | AX82: 3.4 | AY82: 2.48 | AZ82: 2 | BA82: 1.8 | BB82: 2.12 | BC82: 1.79 | BD82: 2.13 | BE82: 1.82 | BF82: 2.06 | BG82: 1.79 | BH82: 2.16 | BI82: 1.83 | BJ82: 0.25 | BK82: 1.83 | BL82: 2.07 | BM82: 1.85 | BN82: 2.09 | BO82: 1.86 | BP82: 2.09 | BQ82: 1.82 | BR82: 2.04 | BS82: 1.86 | BT82: 2.12 | BU82: 2.88 | BV82: 3.4 | BW82: 2.45 | BX82: 2.9 | BY82: 3.3 | BZ82: 2.45 | CA82: 3 | CB82: 3.25 | CC82: 2.38 | CD82: 3.07 | CE82: 3.4 | CF82: 2.46 | CG82: 3 | CH82: 3.3 | CI82: 2.45 | CJ82: 2.87 | CK82: 3.48 | CL82: 2.53 | CM82: 3.08 | CN82: 3.48 | CO82: 2.53 | CP82: 2.96 | CQ82: 3.35 | CR82: 2.45 | CS82: 3.15 | CT82: 3.45 | CU82: 2.52 | CV82: 2.01 | CW82: 1.89 | CX82: 2.03 | CY82: 1.88 | CZ82: 2.04 | DA82: 1.91 | DB82: 2 | DC82: 1.85 | DD82: 2.08 | DE82: 1.92 | DF82: 0.25 | DG82: 1.73 | DH82: 2.08 | DI82: 1.83 | DJ82: 2.12 | DK82: 1.83 | DL82: 2.15 | DM82: 1.78 | DN82: 2.08 | DO82: 1.85 | DP82: 2.16
A83: E0 | B83: 26/10/2024 | C83: 0.625 | D83: Aston Villa | E83: Bournemouth | F83: 1 | G83: 1 | H83: D | I83: 0 | J83: 0 | K83: D | L83: A Madley | M83: 18 | N83: 11 | O83: 8 | P83: 3 | Q83: 12 | R83: 14 | S83: 9 | T83: 7 | U83: 7 | V83: 6 | W83: 0 | X83: 0 | Y83: 1.85 | Z83: 3.9 | AA83: 3.8 | AB83: 1.87 | AC83: 3.9 | AD83: 3.9 | AE83: 1.85 | AF83: 3.9 | AG83: 4 | AH83: 1.86 | AI83: 4 | AJ83: 4.03 | AK83: 1.85 | AL83: 3.9 | AM83: 4 | AN83: 1.9 | AO83: 4 | AP83: 4.03 | AQ83: 1.9 | AR83: 4.1 | AS83: 4.1 | AT83: 1.86 | AU83: 3.97 | AV83: 3.97 | AW83: 1.9 | AX83: 4.1 | AY83: 4.3 | AZ83: 1.57 | BA83: 2.38 | BB83: 1.61 | BC83: 2.42 | BD83: 1.62 | BE83: 2.45 | BF83: 1.6 | BG83: 2.39 | BH83: 1.65 | BI83: 2.46 | BJ83: -0.5 | BK83: 1.86 | BL83: 2.04 | BM83: 1.87 | BN83: 2.04 | BO83: 1.88 | BP83: 2.07 | BQ83: 1.84 | BR83: 2.02 | BS83: 1.9 | BT83: 2.09 | BU83: 1.75 | BV83: 3.9 | BW83: 4.33 | BX83: 1.77 | BY83: 3.9 | BZ83: 4.33 | CA83: 1.8 | CB83: 3.9 | CC83: 4.4 | CD83: 1.79 | CE83: 3.97 | CF83: 4.54 | CG83: 1.8 | CH83: 3.9 | CI83: 4.33 | CJ83: 1.79 | CK83: 3.94 | CL83: 4.59 | CM83: 1.86 | CN83: 4.1 | CO83: 4.59 | CP83: 1.81 | CQ83: 3.93 | CR83: 4.32 | CS83: 1.86 | CT83: 4 | CU83: 4.6 | CV83: 1.62 | CW83: 2.3 | CX83: 1.64 | CY83: 2.36 | CZ83: 1.68 | DA83: 2.49 | DB83: 1.63 | DC83: 2.33 | DD83: 1.68 | DE83: 2.44 | DF83: -0.75 | DG83: 2.04 | DH83: 1.89 | DI83: 2.03 | DJ83: 1.9 | DK83: 2.08 | DL83: 1.9 | DM83: 2.02 | DN83: 1.85 | DO83: 2.11 | DP83: 1.89
... A91: E0 | B91: 27/10/2024 | C91: 0.6875 | D91: Arsenal | E91: Liverpool | F91: 2 | G91: 2 | H91: D | I91: 2 | J91: 1 | K91: H | L91: A Taylor | M91: 9 | N91: 9 | O91: 3 | P91: 4 | Q91: 14 | R91: 14 | S91: 1 | T91: 3 | U91: 2 | V91: 2 | W91: 0 | X91: 0 | Y91: 2.5 | Z91: 3.25 | AA91: 2.9 | AB91: 2.45 | AC91: 3.4 | AD91: 2.9 | AE91: 2.5 | AF91: 3.3 | AG91: 2.9 | AH91: 2.54 | AI91: 3.4 | AJ91: 2.9 | AK91: 2.45 | AL91: 3.4 | AM91: 2.9 | AN91: 2.51 | AO91: 3.59 | AP91: 2.87 | AQ91: 2.54 | AR91: 3.59 | AS91: 2.96 | AT91: 2.49 | AU91: 3.37 | AV91: 2.89 | AW91: 2.58 | AX91: 3.45 | AY91: 3.05 | AZ91: 1.92 | BA91: 1.98 | BB91: 1.93 | BC91: 1.95 | BD91: 1.94 | BE91: 1.99 | BF91: 1.89 | BG91: 1.94 | BH91: 2 | BI91: 1.99 | BJ91: 0 | BK91: 1.82 | BL91: 2.08 | BM91: 1.83 | BN91: 2.09 | BO91: 1.84 | BP91: 2.16 | BQ91: 1.81 | BR91: 2.08 | BS91: 1.83 | BT91: 2.17 | BU91: 2.2 | BV91: 3.3 | BW91: 3.3 | BX91: 2.25 | BY91: 3.3 | BZ91: 3.3 | CA91: 2.2 | CB91: 3.4 | CC91: 3.3 | CD91: 2.27 | CE91: 3.46 | CF91: 3.35 | CG91: 2.3 | CH91: 3.3 | CI91: 3.25 | CJ91: 2.34 | CK91: 3.37 | CL91: 3.27 | CM91: 2.34 | CN91: 3.55 | CO91: 3.45 | CP91: 2.26 | CQ91: 3.38 | CR91: 3.32 | CS91: 2.32 | CT91: 3.5 | CU91: 3.45 | CV91: 1.84 | CW91: 1.94 | CX91: 1.9 | CY91: 2.01 | CZ91: 1.91 | DA91: 2.02 | DB91: 1.88 | DC91: 1.96 | DD91: 1.94 | DE91: 2.04 | DF91: -0.25 | DG91: 1.95 | DH91: 1.95 | DI91: 1.96 | DJ91: 1.96 | DK91: 1.99 | DL91: 1.99 | DM91: 1.93 | DN91: 1.93 | DO91: 1.99 | DP91: 2
A92: E0 | B92: 45333 | C92: 0.52083333 | D92: Newcastle | E92: Arsenal | F92: 1 | G92: 0 | H92: H | I92: 1 | J92: 0 | K92: H | L92: J Brooks | M92: 9 | N92: 10 | O92: 4 | P92: 1 | Q92: 16 | R92: 18 | S92: 4 | T92: 6 | U92: 4 | V92: 4 | W92: 0 | X92: 0 | Y92: 3.75 | Z92: 3.75 | AA92: 1.95 | AB92: 3.8 | AC92: 3.7 | AD92: 1.95 | AE92: 3.9 | AF92: 3.6 | AG92: 1.95 | AH92: 3.85 | AI92: 3.69 | AJ92: 1.99 | AK92: 3.7 | AL92: 3.6 | AM92: 2 | AN92: 3.8 | AO92: 3.8 | AP92: 2 | AQ92: 3.88 | AR92: 3.8 | AS92: 2.03 | AT92: 3.77 | AU92: 3.69 | AV92: 1.98 | AW92: 4 | AX92: 3.8 | AY92: 2.04 | AZ92: 1.84 | BA92: 2.06 | BB92: 1.83 | BC92: 2.05 | BD92: 1.86 | BE92: 2.07 | BF92: 1.82 | BG92: 2.02 | BH92: 1.9 | BI92: 2.08 | BJ92: 0.5 | BK92: 1.92 | BL92: 1.98 | BM92: 1.91 | BN92: 2 | BO92: 1.96 | BP92: 2 | BQ92: 1.89 | BR92: 1.97 | BS92: 1.94 | BT92: 2.04 | BU92: 4 | BV92: 3.6 | BW92: 1.95 | BX92: 3.9 | BY92: 3.6 | BZ92: 1.95 | CA92: 3.9 | CB92: 3.5 | CC92: 1.95 | CD92: 4.03 | CE92: 3.69 | CF92: 1.96 | CG92: 4.2 | CH92: 3.6 | CI92: 1.91 | CJ92: 4.3 | CK92: 3.63 | CL92: 1.91 | CM92: 4.3 | CN92: 3.75 | CO92: 2.01 | CP92: 3.99 | CQ92: 3.61 | CR92: 1.95 | CS92: 4.1 | CT92: 3.75 | CU92: 2.02 | CV92: 1.95 | CW92: 1.95 | CX92: 1.95 | CY92: 1.95 | CZ92: 1.96 | DA92: 2.05 | DB92: 1.89 | DC92: 1.95 | DD92: 1.93 | DE92: 2.06 | DF92: 0.5 | DG92: 1.95 | DH92: 1.98 | DI92: 1.95 | DJ92: 1.97 | DK92: 1.97 | DL92: 2 | DM92: 1.91 | DN92: 1.95 | DO92: 1.96 | DP92: 2.02
A93: E0 | B93: 45333 | C93: 0.625 | D93: Bournemouth | E93: Man City | F93: 2 | G93: 1 | H93: H | I93: 1 | J93: 0 | K93: H | L93: M Oliver | M93: 12 | N93: 18 | O93: 6 | P93: 4 | Q93: 11 | R93: 6 | S93: 3 | T93: 10 | U93: 2 | V93: 1 | W93: 0 | X93: 0 | Y93: 5.5 | Z93: 4.2 | AA93: 1.57 | AB93: 5.25 | AC93: 4.5 | AD93: 1.57 | AE93: 5.5 | AF93: 4.4 | AG93: 1.57 | AH93: 5.29 | AI93: 4.48 | AJ93: 1.6 | AK93: 5.5 | AL93: 4.33 | AM93: 1.6 | AN93: 5.3 | AO93: 4.54 | AP93: 1.62 | AQ93: 5.5 | AR93: 4.6 | AS93: 1.62 | AT93: 5.32 | AU93: 4.44 | AV93: 1.59 | AW93: 5.9 | AX93: 4.6 | AY93: 1.62 | AZ93: 1.57 | BA93: 2.38 | BB93: 1.59 | BC93: 2.46 | BD93: 1.62 | BE93: 2.52 | BF93: 1.57 | BG93: 2.42 | BH93: 1.63 | BI93: 2.5 | BJ93: 1 | BK93: 1.91 | BL93: 1.99 | BM93: 1.89 | BN93: 2.01 | BO93: 1.92 | BP93: 2.01 | BQ93: 1.88 | BR93: 1.97 | BS93: 1.93 | BT93: 2.05 | BU93: 5.75 | BV93: 4.2 | BW93: 1.55 | BX93: 5.5 | BY93: 4.4 | BZ93: 1.55 | CA93: 6 | CB93: 4.4 | CC93: 1.5 | CD93: 6.11 | CE93: 4.42 | CF93: 1.56 | CG93: 5.8 | CH93: 4.5 | CI93: 1.53 | CJ93: 6.27 | CK93: 4.31 | CL93: 1.57 | CM93: 6.3 | CN93: 4.65 | CO93: 1.62 | CP93: 5.83 | CQ93: 4.45 | CR93: 1.55 | CS93: 6.6 | CT93: 4.7 | CU93: 1.56 | CV93: 1.57 | CW93: 2.38 | CX93: 1.57 | CY93: 2.54 | CZ93: 1.64 | DA93: 2.59 | DB93: 1.56 | DC93: 2.48 | DD93: 1.59 | DE93: 2.66 | DF93: 1 | DG93: 1.98 | DH93: 1.95 | DI93: 1.99 | DJ93: 1.93 | DK93: 2.01 | DL93: 2 | DM93: 1.97 | DN93: 1.9 | DO93: 2.04 | DP93: 1.95
A94: E0 | B94: 45333 | C94: 0.625 | D94: Ipswich | E94: Leicester | F94: 1 | G94: 1 | H94: D | I94: 0 | J94: 0 | K94: D | L94: T Robinson | M94: 14 | N94: 20 | O94: 2 | P94: 6 | Q94: 11 | R94: 10 | S94: 4 | T94: 6 | U94: 4 | V94: 2 | W94: 1 | X94: 0 | Y94: 2.25 | Z94: 3.5 | AA94: 3.1 | AB94: 2.25 | AC94: 3.5 | AD94: 3.1 | AE94: 2.3 | AF94: 3.5 | AG94: 3.1 | AH94: 2.28 | AI94: 3.63 | AJ94: 3.13 | AK94: 2.25 | AL94: 3.6 | AM94: 3.1 | AN94: 2.28 | AO94: 3.77 | AP94: 3.11 | AQ94: 2.3 | AR94: 3.77 | AS94: 3.18 | AT94: 2.27 | AU94: 3.61 | AV94: 3.09 | AW94: 2.34 | AX94: 3.7 | AY94: 3.25 | AZ94: 1.73 | BA94: 2.1 | BB94: 1.72 | BC94: 2.2 | BD94: 1.74 | BE94: 2.25 | BF94: 1.71 | BG94: 2.18 | BH94: 1.74 | BI94: 2.28 | BJ94: -0.25 | BK94: 2 | BL94: 1.9 | BM94: 1.99 | BN94: 1.92 | BO94: 2.05 | BP94: 1.92 | BQ94: 1.95 | BR94: 1.89 | BS94: 2.02 | BT94: 1.95 | BU94: 2.3 | BV94: 3.7 | BW94: 2.9 | BX94: 2.37 | BY94: 3.6 | BZ94: 2.87 | CA94: 2.38 | CB94: 3.4 | CC94: 3 | CD94: 2.36 | CE94: 3.54 | CF94: 3.09 | CG94: 2.3 | CH94: 3.6 | CI94: 3 | CJ94: 2.41 | CK94: 3.77 | CL94: 2.86 | CM94: 2.42 | CN94: 3.77 | CO94: 3.23 | CP94: 2.36 | CQ94: 3.59 | CR94: 2.97 | CS94: 2.44 | CT94: 3.6 | CU94: 3.15 | CV94: 1.67 | CW94: 2.2 | CX94: 1.72 | CY94: 2.22 | CZ94: 1.76 | DA94: 2.31 | DB94: 1.69 | DC94: 2.22 | DD94: 1.73 | DE94: 2.34 | DF94: -0.25 | DG94: 2.05 | DH94: 1.88 | DI94: 2.05 | DJ94: 1.88 | DK94: 2.07 | DL94: 1.94 | DM94: 2.03 | DN94: 1.84 | DO94: 2.1 | DP94: 1.89
A95: E0 | B95: 45333 | C95: 0.625 | D95: Liverpool | E95: Brighton | F95: 2 | G95: 1 | H95: H | I95: 0 | J95: 1 | K95: A | L95: T Harrington | M95: 16 | N95: 13 | O95: 8 | P95: 5 | Q95: 10 | R95: 18 | S95: 10 | T95: 7 | U95: 1 | V95: 1 | W95: 0 | X95: 0 | Y95: 1.4 | Z95: 5 | AA95: 7.5 | AB95: 1.41 | AC95: 5.25 | AD95: 6.75 | AE95: 1.36 | AF95: 5 | AG95: 7 | AH95: 1.39 | AI95: 5.54 | AJ95: 7.11 | AK95: 1.4 | AL95: 5 | AM95: 7.5 | AN95: 1.43 | AO95: 5.4 | AP95: 7.13 | AQ95: 1.43 | AR95: 5.8 | AS95: 7.5 | AT95: 1.39 | AU95: 5.4 | AV95: 7.12 | AW95: 1.42 | AX95: 5.8 | AY95: 8 | AZ95: 1.4 | BA95: 3 | BB95: 1.39 | BC95: 3.13 | BD95: 1.41 | BE95: 3.17 | BF95: 1.39 | BG95: 2.99 | BH95: 1.45 | BI95: 3.15 | BJ95: -1.5 | BK95: 2.04 | BL95: 1.86 | BM95: 2.06 | BN95: 1.85 | BO95: 2.09 | BP95: 1.88 | BQ95: 2.03 | BR95: 1.84 | BS95: 2.08 | BT95: 1.88 | BU95: 1.36 | BV95: 5.25 | BW95: 7.5 | BX95: 1.39 | BY95: 5.5 | BZ95: 7 | CA95: 1.33 | CB95: 5.5 | CC95: 8 | CD95: 1.36 | CE95: 5.79 | CF95: 7.93 | CG95: 1.36 | CH95: 5.5 | CI95: 7.5 | CJ95: 1.41 | CK95: 5.39 | CL95: 7.44 | CM95: 1.41 | CN95: 6.3 | CO95: 8.4 | CP95: 1.38 | CQ95: 5.57 | CR95: 7.49 | CS95: 1.39 | CT95: 5.9 | CU95: 8.6 | CV95: 1.4 | CW95: 3 | CX95: 1.39 | CY95: 3.13 | CZ95: 1.43 | DA95: 3.39 | DB95: 1.39 | DC95: 3.06 | DD95: 1.43 | DE95: 3.25 | DF95: -1.5 | DG95: 2.01 | DH95: 1.92 | DI95: 2 | DJ95: 1.93 | DK95: 2.05 | DL95: 1.99 | DM95: 1.98 | DN95: 1.89 | DO95: 2.03 | DP95: 1.95
A96: E0 | B96: 45333 | C96: 0.625 | D96: Nott'm Forest | E96: West Ham | F96: 3 | G96: 0 | H96: H | I96: 1 | J96: 0 | K96: H | L96: P Bankes | M96: 19 | N96: 4 | O96: 6 | P96: 2 | Q96: 7 | R96: 9 | S96: 11 | T96: 6 | U96: 1 | V96: 2 | W96: 0 | X96: 1 | Y96: 2.15 | Z96: 3.5 | AA96: 3.4 | AB96: 2.15 | AC96: 3.5 | AD96: 3.3 | AE96: 2.15 | AF96: 3.4 | AG96: 3.5 | AH96: 2.15 | AI96: 3.51 | AJ96: 3.53 | AK96: 2.15 | AL96: 3.5 | AM96: 3.4 | AN96: 2.13 | AO96: 3.69 | AP96: 3.51 | AQ96: 2.2 | AR96: 3.69 | AS96: 3.58 | AT96: 2.15 | AU96: 3.52 | AV96: 3.43 | AW96: 2.2 | AX96: 3.6 | AY96: 3.65 | AZ96: 1.89 | BA96: 2.01 | BB96: 1.88 | BC96: 2.02 | BD96: 1.9 | BE96: 2.03 | BF96: 1.86 | BG96: 1.98 | BH96: 1.92 | BI96: 2.06 | BJ96: -0.25 | BK96: 1.87 | BL96: 2.03 | BM96: 1.86 | BN96: 2.05 | BO96: 1.91 | BP96: 2.06 | BQ96: 1.84 | BR96: 2.01 | BS96: 1.89 | BT96: 2.11 | BU96: 2 | BV96: 3.5 | BW96: 3.75 | BX96: 2.05 | BY96: 3.4 | BZ96: 3.6 | CA96: 2 | CB96: 3.4 | CC96: 3.9 | CD96: 2.05 | CE96: 3.46 | CF96: 3.95 | CG96: 2.05 | CH96: 3.5 | CI96: 3.7 | CJ96: 2.09 | CK96: 3.57 | CL96: 3.68 | CM96: 2.1 | CN96: 3.57 | CO96: 4 | CP96: 2.05 | CQ96: 3.48 | CR96: 3.78 | CS96: 2.1 | CT96: 3.5 | CU96: 4 | CV96: 2.03 | CW96: 1.87 | CX96: 2.03 | CY96: 1.88 | CZ96: 2.13 | DA96: 2 | DB96: 1.99 | DC96: 1.85 | DD96: 2.06 | DE96: 1.93 | DF96: -0.5 | DG96: 2.07 | DH96: 1.86 | DI96: 2.06 | DJ96: 1.87 | DK96: 2.09 | DL96: 1.87 | DM96: 2.04 | DN96: 1.83 | DO96: 2.1 | DP96: 1.89
A97: E0 | B97: 45333 | C97: 0.625 | D97: Southampton | E97: Everton | F97: 1 | G97: 0 | H97: H | I97: 0 | J97: 0 | K97: D | L97: A Madley | M97: 9 | N97: 16 | O97: 2 | P97: 5 | Q97: 14 | R97: 18 | S97: 3 | T97: 6 | U97: 4 | V97: 2 | W97: 0 | X97: 0 | Y97: 2.63 | Z97: 3.4 | AA97: 2.63 | AB97: 2.55 | AC97: 3.5 | AD97: 2.65 | AE97: 2.7 | AF97: 3.4 | AG97: 2.63 | AH97: 2.7 | AI97: 3.45 | AJ97: 2.69 | AK97: 2.62 | AL97: 3.5 | AM97: 2.62 | AN97: 2.69 | AO97: 3.63 | AP97: 2.64 | AQ97: 2.7 | AR97: 3.63 | AS97: 2.75 | AT97: 2.65 | AU97: 3.48 | AV97: 2.66 | AW97: 2.76 | AX97: 3.55 | AY97: 2.76 | AZ97: 1.84 | BA97: 2.06 | BB97: 1.85 | BC97: 2.05 | BD97: 1.86 | BE97: 2.06 | BF97: 1.83 | BG97: 2.02 | BH97: 1.87 | BI97: 2.1 | BJ97: 0 | BK97: 1.95 | BL97: 1.95 | BM97: 1.95 | BN97: 1.95 | BO97: 1.97 | BP97: 1.97 | BQ97: 1.94 | BR97: 1.93 | BS97: 1.99 | BT97: 1.99 | BU97: 2.63 | BV97: 3.25 | BW97: 2.63 | BX97: 2.65 | BY97: 3.2 | BZ97: 2.7 | CA97: 2.63 | CB97: 3.4 | CC97: 2.7 | CD97: 2.72 | CE97: 3.31 | CF97: 2.8 | CG97: 2.7 | CH97: 3.4 | CI97: 2.62 | CJ97: 2.82 | CK97: 3.37 | CL97: 2.63 | CM97: 2.82 | CN97: 3.53 | CO97: 2.85 | CP97: 2.7 | CQ97: 3.32 | CR97: 2.71 | CS97: 2.8 | CT97: 3.45 | CU97: 2.82 | CV97: 1.99 | CW97: 1.91 | CX97: 2 | CY97: 1.9 | CZ97: 2 | DA97: 2.11 | DB97: 1.94 | DC97: 1.9 | DD97: 2 | DE97: 1.98 | DF97: 0 | DG97: 1.95 | DH97: 1.98 | DI97: 1.93 | DJ97: 1.99 | DK97: 1.98 | DL97: 1.99 | DM97: 1.94 | DN97: 1.94 | DO97: 1.99 | DP97: 2
A98: E0 | B98: 45333 | C98: 0.72916667 | D98: Wolves | E98: Crystal Palace | F98: 2 | G98: 2 | H98: D | I98: 0 | J98: 0 | K98: D | L98: A Taylor | M98: 11 | N98: 19 | O98: 6 | P98: 7 | Q98: 7 | R98: 9 | S98: 3 | T98: 6 | U98: 1 | V98: 2 | W98: 0 | X98: 0 | Y98: 2.5 | Z98: 3.4 | AA98: 2.88 | AB98: 2.55 | AC98: 3.4 | AD98: 2.75 | AE98: 2.5 | AF98: 3.4 | AG98: 2.8 | AH98: 2.55 | AI98: 3.34 | AJ98: 2.92 | AK98: 2.5 | AL98: 3.5 | AM98: 2.8 | AN98: 2.53 | AO98: 3.59 | AP98: 2.85 | AQ98: 2.61 | AR98: 3.59 | AS98: 2.92 | AT98: 2.53 | AU98: 3.4 | AV98: 2.85 | AW98: 2.6 | AX98: 3.5 | AY98: 3 | AZ98: 1.9 | BA98: 2 | BB98: 1.92 | BC98: 1.97 | BD98: 1.93 | BE98: 2 | BF98: 1.89 | BG98: 1.95 | BH98: 1.92 | BI98: 2.06 | BJ98: 0 | BK98: 1.82 | BL98: 2.08 | BM98: 1.83 | BN98: 2.1 | BO98: 1.85 | BP98: 2.12 | BQ98: 1.82 | BR98: 2.06 | BS98: 1.85 | BT98: 2.14 | BU98: 2.35 | BV98: 3.4 | BW98: 3 | BX98: 2.4 | BY98: 3.3 | BZ98: 3 | CA98: 2.4 | CB98: 3.3 | CC98: 3 | CD98: 2.44 | CE98: 3.34 | CF98: 3.13 | CG98: 2.4 | CH98: 3.25 | CI98: 3.1 | CJ98: 2.54 | CK98: 3.48 | CL98: 2.86 | CM98: 2.54 | CN98: 3.48 | CO98: 3.16 | CP98: 2.43 | CQ98: 3.34 | CR98: 3.03 | CS98: 2.52 | CT98: 3.45 | CU98: 3.15 | CV98: 1.99 | CW98: 1.91 | CX98: 2 | CY98: 1.91 | CZ98: 2 | DA98: 2 | DB98: 1.96 | DC98: 1.89 | DD98: 2.02 | DE98: 1.96 | DF98: -0.25 | DG98: 2.1 | DH98: 1.83 | DI98: 2.11 | DJ98: 1.83 | DK98: 2.14 | DL98: 1.85 | DM98: 2.08 | DN98: 1.8 | DO98: 2.16 | DP98: 1.85
A99: E0 | B99: 45362 | C99: 0.58333333 | D99: Tottenham | E99: Aston Villa | F99: 4 | G99: 1 | H99: H | I99: 0 | J99: 1 | K99: A | L99: C Pawson | M99: 16 | N99: 12 | O99: 6 | P99: 1 | Q99: 14 | R99: 14 | S99: 6 | T99: 4 | U99: 2 | V99: 0 | W99: 0 | X99: 0 | Y99: 1.91 | Z99: 4 | AA99: 3.6 | AB99: 1.88 | AC99: 4 | AD99: 3.7 | AE99: 1.91 | AF99: 4 | AG99: 3.7 | AH99: 1.97 | AI99: 4.07 | AJ99: 3.55 | AK99: 1.91 | AL99: 4 | AM99: 3.7 | AN99: 1.92 | AO99: 4.28 | AP99: 3.71 | AQ99: 1.98 | AR99: 4.28 | AS99: 3.71 | AT99: 1.93 | AU99: 4.07 | AV99: 3.55 | AW99: 1.99 | AX99: 4.2 | AY99: 3.8 | AZ99: 1.44 | BA99: 2.75 | BB99: 1.47 | BC99: 2.81 | BD99: 1.47 | BE99: 2.9 | BF99: 1.44 | BG99: 2.78 | BH99: 1.48 | BI99: 2.98 | BJ99: -0.5 | BK99: 1.95 | BL99: 1.95 | BM99: 1.98 | BN99: 1.93 | BO99: 1.98 | BP99: 1.98 | BQ99: 1.94 | BR99: 1.92 | BS99: 1.99 | BT99: 2 | BU99: 1.91 | BV99: 4 | BW99: 3.5 | BX99: 1.93 | BY99: 4 | BZ99: 3.5 | CA99: 1.95 | CB99: 3.9 | CC99: 3.7 | CD99: 1.99 | CE99: 4.04 | CF99: 3.59 | CG99: 1.95 | CH99: 3.9 | CI99: 3.6 | CJ99: 1.96 | CK99: 4.11 | CL99: 3.6 | CM99: 1.99 | CN99: 4.15 | CO99: 3.77 | CP99: 1.94 | CQ99: 4.02 | CR99: 3.61 | CS99: 2 | CT99: 4.1 | CU99: 3.8 | CV99: 1.44 | CW99: 2.75 | CX99: 1.48 | CY99: 2.77 | CZ99: 1.48 | DA99: 2.9 | DB99: 1.45 | DC99: 2.79 | DD99: 1.49 | DE99: 3 | DF99: -0.5 | DG99: 2 | DH99: 1.93 | DI99: 2 | DJ99: 1.93 | DK99: 2 | DL99: 1.97 | DM99: 1.94 | DN99: 1.93 | DO99: 2 | DP99: 1.98
A100: E0 | B100: 45362 | C100: 0.6875 | D100: Man United | E100: Chelsea | F100: 1 | G100: 1 | H100: D | I100: 0 | J100: 0 | K100: D | L100: R Jones | M100: 11 | N100: 12 | O100: 4 | P100: 3 | Q100: 19 | R100: 14 | S100: 4 | T100: 8 | U100: 6 | V100: 2 | W100: 0 | X100: 0 | Y100: 2.6 | Z100: 3.5 | AA100: 2.6 | AB100: 2.55 | AC100: 3.8 | AD100: 2.55 | AE100: 2.63 | AF100: 3.7 | AG100: 2.55 | AH100: 2.61 | AI100: 3.81 | AJ100: 2.58 | AK100: 2.6 | AL100: 3.8 | AM100: 2.5 | AN100: 2.61 | AO100: 4.06 | AP100: 2.53 | AQ100: 2.63 | AR100: 4.06 | AS100: 2.61 | AT100: 2.58 | AU100: 3.78 | AV100: 2.56 | AW100: 2.7 | AX100: 3.9 | AY100: 2.66 | AZ100: 1.44 | BA100: 2.75 | BB100: 1.45 | BC100: 2.85 | BD100: 1.47 | BE100: 2.93 | BF100: 1.44 | BG100: 2.79 | BH100: 1.5 | BI100: 2.96 | BJ100: 0 | BK100: 1.95 | BL100: 1.95 | BM100: 1.97 | BN100: 1.93 | BO100: 1.98 | BP100: 1.97 | BQ100: 1.95 | BR100: 1.92 | BS100: 2 | BT100: 1.98 | BU100: 2.63 | BV100: 3.5 | BW100: 2.6 | BX100: 2.65 | BY100: 3.5 | BZ100: 2.6 | CA100: 2.63 | CB100: 3.6 | CC100: 2.55 | CD100: 2.72 | CE100: 3.65 | CF100: 2.59 | CG100: 2.7 | CH100: 3.6 | CI100: 2.5 | CJ100: 2.68 | CK100: 3.57 | CL100: 2.65 | CM100: 2.73 | CN100: 3.75 | CO100: 2.65 | CP100: 2.65 | CQ100: 3.6 | CR100: 2.58 | CS100: 2.76 | CT100: 3.75 | CU100: 2.66 | CV100: 1.5 | CW100: 2.63 | CX100: 1.51 | CY100: 2.67 | CZ100: 1.51 | DA100: 2.8 | DB100: 1.48 | DC100: 2.67 | DD100: 1.54 | DE100: 2.84 | DF100: 0 | DG100: 1.99 | DH100: 1.94 | DI100: 2.01 | DJ100: 1.92 | DK100: 2.01 | DL100: 1.96 | DM100: 1.97 | DN100: 1.91 | DO100: 2.03 | DP100: 1.96
A101: E0 | B101: 45393 | C101: 0.83333333 | D101: Fulham | E101: Brentford | F101: 2 | G101: 1 | H101: H | I101: 0 | J101: 1 | K101: A | L101: S Attwell | M101: 26 | N101: 5 | O101: 12 | P101: 2 | Q101: 3 | R101: 10 | S101: 11 | T101: 3 | U101: 2 | V101: 1 | W101: 0 | X101: 0 | Y101: 2 | Z101: 3.7 | AA101: 3.5 | AB101: 2.05 | AC101: 3.6 | AD101: 3.5 | AE101: 2 | AF101: 3.6 | AG101: 3.5 | AH101: 2.04 | AI101: 3.73 | AJ101: 3.61 | AK101: 2.05 | AL101: 3.7 | AM101: 3.5 | AN101: 2.05 | AO101: 3.89 | AP101: 3.57 | AQ101: 2.08 | AR101: 3.9 | AS101: 3.61 | AT101: 2.03 | AU101: 3.73 | AV101: 3.52 | AW101: 2.08 | AX101: 3.85 | AY101: 3.75 | AZ101: 1.67 | BA101: 2.2 | BB101: 1.68 | BC101: 2.28 | BD101: 1.7 | BE101: 2.31 | BF101: 1.67 | BG101: 2.23 | BH101: 1.72 | BI101: 2.3 | BJ101: -0.5 | BK101: 2.04 | BL101: 1.86 | BM101: 2.05 | BN101: 1.86 | BO101: 2.07 | BP101: 1.87 | BQ101: 2.03 | BR101: 1.84 | BS101: 2.08 | BT101: 1.9 | BU101: 1.95 | BV101: 3.8 | BW101: 3.6 | BX101: 2 | BY101: 3.7 | BZ101: 3.5 | CA101: 2 | CB101: 3.75 | CC101: 3.6 | CD101: 2.02 | CE101: 3.76 | CF101: 3.73 | CG101: 2 | CH101: 3.7 | CI101: 3.6 | CJ101: 1.99 | CK101: 3.88 | CL101: 3.68 | CM101: 2.05 | CN101: 3.88 | CO101: 3.76 | CP101: 2.02 | CQ101: 3.74 | CR101: 3.62 | CS101: 2.04 | CT101: 3.85 | CU101: 3.9 | CV101: 1.67 | CW101: 2.2 | CX101: 1.73 | CY101: 2.19 | CZ101: 1.76 | DA101: 2.29 | DB101: 1.71 | DC101: 2.18 | DD101: 1.77 | DE101: 2.28 | DF101: -0.5 | DG101: 2 | DH101: 1.9 | DI101: 2.03 | DJ101: 1.92 | DK101: 2.04 | DL101: 1.92 | DM101: 2 | DN101: 1.86 | DO101: 2.05 | DP101: 1.94
A102: E0 | B102: 45546 | C102: 0.625 | D102: Brentford | E102: Bournemouth | F102: 3 | G102: 2 | H102: H | I102: 1 | J102: 1 | K102: D | L102: D Bond | M102: 12 | N102: 15 | O102: 6 | P102: 3 | Q102: 8 | R102: 16 | S102: 6 | T102: 4 | U102: 2 | V102: 4 | W102: 0 | X102: 0 | Y102: 2.5 | Z102: 3.5 | AA102: 2.7 | AB102: 2.4 | AC102: 3.6 | AD102: 2.8 | AE102: 2.55 | AF102: 3.6 | AG102: 2.63 | AH102: 2.59 | AI102: 3.56 | AJ102: 2.73 | AK102: 2.5 | AL102: 3.5 | AM102: 2.75 | AN102: 2.55 | AO102: 3.69 | AP102: 2.76 | AQ102: 2.61 | AR102: 3.7 | AS102: 2.8 | AT102: 2.53 | AU102: 3.59 | AV102: 2.72 | AW102: 2.62 | AX102: 3.75 | AY102: 2.8 | AZ102: 1.62 | BA102: 2.3 | BB102: 1.63 | BC102: 2.39 | BD102: 1.63 | BE102: 2.47 | BF102: 1.6 | BG102: 2.39 | BH102: 1.64 | BI102: 2.52 | BJ102: 0 | BK102: 1.89 | BL102: 2.01 | BM102: 1.9 | BN102: 2.01 | BO102: 1.9 | BP102: 2.06 | BQ102: 1.86 | BR102: 2.01 | BS102: 1.93 | BT102: 2.05 | BU102: 2.6 | BV102: 3.5 | BW102: 2.63 | BX102: 2.6 | BY102: 3.5 | BZ102: 2.65 | CA102: 2.55 | CB102: 3.6 | CC102: 2.63 | CD102: 2.64 | CE102: 3.53 | CF102: 2.74 | CG102: 2.62 | CH102: 3.6 | CI102: 2.6 | CJ102: 2.65 | CK102: 3.57 | CL102: 2.68 | CM102: 2.65 | CN102: 3.7 | CO102: 2.75 | CP102: 2.6 | CQ102: 3.58 | CR102: 2.66 | CS102: 2.68 | CT102: 3.75 | CU102: 2.76 | CV102: 1.67 | CW102: 2.2 | CX102: 1.71 | CY102: 2.23 | CZ102: 1.75 | DA102: 2.45 | DB102: 1.64 | DC102: 2.31 | DD102: 1.67 | DE102: 2.48 | DF102: 0 | DG102: 1.93 | DH102: 2 | DI102: 1.93 | DJ102: 2 | DK102: 1.95 | DL102: 2.02 | DM102: 1.92 | DN102: 1.96 | DO102: 1.97 | DP102: 2.02
A103: E0 | B103: 45546 | C103: 0.625 | D103: Crystal Palace | E103: Fulham | F103: 0 | G103: 2 | H103: A | I103: 0 | J103: 1 | K103: A | L103: M Salisbury | M103: 13 | N103: 17 | O103: 5 | P103: 7 | Q103: 10 | R103: 11 | S103: 1 | T103: 8 | U103: 1 | V103: 1 | W103: 1 | X103: 0 | Y103: 2.7 | Z103: 3.5 | AA103: 2.55 | AB103: 2.6 | AC103: 3.4 | AD103: 2.7 | AE103: 2.7 | AF103: 3.4 | AG103: 2.63 | AH103: 2.79 | AI103: 3.44 | AJ103: 2.6 | AK103: 2.7 | AL103: 3.4 | AM103: 2.62 | AN103: 2.72 | AO103: 3.57 | AP103: 2.65 | AQ103: 2.82 | AR103: 3.73 | AS103: 2.7 | AT103: 2.7 | AU103: 3.48 | AV103: 2.61 | AW103: 2.9 | AX103: 3.5 | AY103: 2.68 | AZ103: 1.95 | BA103: 1.95 | BB103: 1.94 | BC103: 1.94 | BD103: 1.99 | BE103: 1.96 | BF103: 1.93 | BG103: 1.91 | BH103: 2 | BI103: 1.97 | BJ103: 0 | BK103: 1.99 | BL103: 1.91 | BM103: 2.03 | BN103: 1.88 | BO103: 2.03 | BP103: 1.95 | BQ103: 1.96 | BR103: 1.91 | BS103: 2.06 | BT103: 1.93 | BU103: 3.3 | BV103: 3.25 | BW103: 2.25 | BX103: 3.3 | BY103: 3.3 | BZ103: 2.25 | CA103: 3.4 | CB103: 3.3 | CC103: 2.2 | CD103: 3.37 | CE103: 3.3 | CF103: 2.34 | CG103: 3.4 | CH103: 3.4 | CI103: 2.2 | CJ103: 3.38 | CK103: 3.33 | CL103: 2.3 | CM103: 3.52 | CN103: 3.58 | CO103: 2.34 | CP103: 3.35 | CQ103: 3.34 | CR103: 2.26 | CS103: 3.6 | CT103: 3.4 | CU103: 2.32 | CV103: 2.1 | CW103: 1.73 | CX103: 2.18 | CY103: 1.74 | CZ103: 2.24 | DA103: 1.81 | DB103: 2.08 | DC103: 1.78 | DD103: 2.16 | DE103: 1.85 | DF103: 0.25 | DG103: 1.93 | DH103: 2 | DI103: 1.93 | DJ103: 2 | DK103: 1.97 | DL103: 2 | DM103: 1.93 | DN103: 1.93 | DO103: 2 | DP103: 1.98
... A111: E0 | B111: 45576 | C111: 0.6875 | D111: Chelsea | E111: Arsenal | F111: 1 | G111: 1 | H111: D | I111: 0 | J111: 0 | K111: D | L111: M Oliver | M111: 17 | N111: 13 | O111: 3 | P111: 3 | Q111: 12 | R111: 12 | S111: 4 | T111: 3 | U111: 4 | V111: 2 | W111: 0 | X111: 0 | Y111: 2.7 | Z111: 3.4 | AA111: 2.55 | AB111: 2.8 | AC111: 3.5 | AD111: 2.45 | AE111: 2.8 | AF111: 3.4 | AG111: 2.55 | AH111: 2.75 | AI111: 3.53 | AJ111: 2.59 | AK111: 2.75 | AL111: 3.5 | AM111: 2.5 | AN111: 2.75 | AO111: 3.72 | AP111: 2.54 | AQ111: 2.8 | AR111: 3.72 | AS111: 2.59 | AT111: 2.75 | AU111: 3.49 | AV111: 2.53 | AW111: 2.94 | AX111: 3.5 | AY111: 2.64 | AZ111: 1.73 | BA111: 2.1 | BB111: 1.72 | BC111: 2.21 | BD111: 1.76 | BE111: 2.26 | BF111: 1.71 | BG111: 2.17 | BH111: 1.78 | BI111: 2.24 | BJ111: 0 | BK111: 2.02 | BL111: 1.88 | BM111: 2.01 | BN111: 1.9 | BO111: 2.05 | BP111: 1.9 | BQ111: 2.01 | BR111: 1.86 | BS111: 2.1 | BT111: 1.9 | BU111: 2.8 | BV111: 3.4 | BW111: 2.5 | BX111: 3 | BY111: 3.3 | BZ111: 2.37 | CA111: 3 | CB111: 3.25 | CC111: 2.3 | CD111: 3 | CE111: 3.35 | CF111: 2.52 | CG111: 2.8 | CH111: 3.5 | CI111: 2.5 | CJ111: 3.14 | CK111: 3.44 | CL111: 2.38 | CM111: 3.14 | CN111: 3.55 | CO111: 2.52 | CP111: 3.01 | CQ111: 3.41 | CR111: 2.41 | CS111: 3.1 | CT111: 3.45 | CU111: 2.54 | CV111: 1.8 | CW111: 2 | CX111: 1.83 | CY111: 2.05 | CZ111: 1.84 | DA111: 2.12 | DB111: 1.81 | DC111: 2.05 | DD111: 1.85 | DE111: 2.16 | DF111: 0.25 | DG111: 1.73 | DH111: 2.08 | DI111: 1.77 | DJ111: 2.15 | DK111: 1.85 | DL111: 2.16 | DM111: 1.81 | DN111: 2.05 | DO111: 1.84 | DP111: 2.17
A112: E0 | B112: 23/11/2024 | C112: 0.52083333 | D112: Leicester | E112: Chelsea | F112: 1 | G112: 2 | H112: A | I112: 0 | J112: 1 | K112: A | L112: A Madley | M112: 4 | N112: 16 | O112: 1 | P112: 7 | Q112: 15 | R112: 12 | S112: 2 | T112: 9 | U112: 4 | V112: 3 | W112: 0 | X112: 0 | Y112: 6.5 | Z112: 4.75 | AA112: 1.44 | AB112: 6.5 | AC112: 4.8 | AD112: 1.46 | AE112: 7 | AF112: 4.75 | AG112: 1.44 | AH112: 7.05 | AI112: 4.78 | AJ112: 1.46 | AK112: 7 | AL112: 4.6 | AM112: 1.44 | AN112: 6.42 | AO112: 4.94 | AP112: 1.5 | AQ112: 7.44 | AR112: 5.03 | AS112: 1.5 | AT112: 6.75 | AU112: 4.81 | AV112: 1.46 | AW112: 7.2 | AX112: 5 | AY112: 1.49 | AZ112: 1.5 | BA112: 2.63 | BB112: 1.51 | BC112: 2.65 | BD112: 1.52 | BE112: 2.75 | BF112: 1.48 | BG112: 2.64 | BH112: 1.53 | BI112: 2.8 | BJ112: 1.25 | BK112: 1.95 | BL112: 1.95 | BM112: 1.93 | BN112: 1.98 | BO112: 1.97 | BP112: 2 | BQ112: 1.89 | BR112: 1.94 | BS112: 1.95 | BT112: 2 | BU112: 7 | BV112: 4.75 | BW112: 1.44 | BX112: 6.5 | BY112: 4.75 | BZ112: 1.46 | CA112: 6.5 | CB112: 5 | CC112: 1.44 | CD112: 7 | CE112: 5.05 | CF112: 1.45 | CG112: 7 | CH112: 4.6 | CI112: 1.44 | CJ112: 7.44 | CK112: 4.82 | CL112: 1.45 | CM112: 7.56 | CN112: 5.05 | CO112: 1.5 | CP112: 6.91 | CQ112: 4.84 | CR112: 1.45 | CS112: 7.2 | CT112: 5.1 | CU112: 1.49 | CV112: 1.57 | CW112: 2.38 | CX112: 1.58 | CY112: 2.5 | CZ112: 1.61 | DA112: 2.6 | DB112: 1.56 | DC112: 2.48 | DD112: 1.6 | DE112: 2.64 | DF112: 1.25 | DG112: 1.93 | DH112: 2 | DI112: 1.94 | DJ112: 1.98 | DK112: 1.98 | DL112: 2.04 | DM112: 1.9 | DN112: 1.96 | DO112: 1.95 | DP112: 2.03
A113: E0 | B113: 23/11/2024 | C113: 0.625 | D113: Arsenal | E113: Nott'm Forest | F113: 3 | G113: 0 | H113: H | I113: 1 | J113: 0 | K113: H | L113: S Hooper | M113: 19 | N113: 7 | O113: 7 | P113: 0 | Q113: 10 | R113: 1 | S113: 8 | T113: 1 | U113: 3 | V113: 2 | W113: 0 | X113: 0 | Y113: 1.38 | Z113: 4.75 | AA113: 9 | AB113: 1.37 | AC113: 5 | AD113: 8.75 | AE113: 1.33 | AF113: 5 | AG113: 9.5 | AH113: 1.38 | AI113: 5.03 | AJ113: 8.73 | AK113: 1.4 | AL113: 4.6 | AM113: 9.5 | AN113: 1.43 | AO113: 4.89 | AP113: 8.35 | AQ113: 1.43 | AR113: 5.2 | AS113: 9.69 | AT113: 1.37 | AU113: 4.97 | AV113: 8.9 | AW113: 1.38 | AX113: 5.3 | AY113: 10.5 | AZ113: 1.8 | BA113: 2 | BB113: 1.85 | BC113: 2.05 | BD113: 1.87 | BE113: 2.09 | BF113: 1.81 | BG113: 2.03 | BH113: 1.83 | BI113: 2.16 | BJ113: -1.25 | BK113: 1.87 | BL113: 2.03 | BM113: 1.9 | BN113: 2.01 | BO113: 1.9 | BP113: 2.07 | BQ113: 1.85 | BR113: 2 | BS113: 1.9 | BT113: 2.08 | BU113: 1.4 | BV113: 4.75 | BW113: 7.5 | BX113: 1.41 | BY113: 4.75 | BZ113: 8 | CA113: 1.36 | CB113: 4.75 | CC113: 9 | CD113: 1.41 | CE113: 4.8 | CF113: 8.86 | CG113: 1.4 | CH113: 4.5 | CI113: 8.5 | CJ113: 1.43 | CK113: 4.87 | CL113: 8.02 | CM113: 1.43 | CN113: 4.9 | CO113: 9.05 | CP113: 1.41 | CQ113: 4.75 | CR113: 8.43 | CS113: 1.42 | CT113: 5 | CU113: 9.8 | CV113: 1.87 | CW113: 2.03 | CX113: 1.88 | CY113: 2.02 | CZ113: 1.9 | DA113: 2.1 | DB113: 1.83 | DC113: 2 | DD113: 1.92 | DE113: 2.08 | DF113: -1.25 | DG113: 1.98 | DH113: 1.95 | DI113: 1.96 | DJ113: 1.96 | DK113: 2 | DL113: 1.99 | DM113: 1.93 | DN113: 1.93 | DO113: 2.02 | DP113: 1.97
A114: E0 | B114: 23/11/2024 | C114: 0.625 | D114: Aston Villa | E114: Crystal Palace | F114: 2 | G114: 2 | H114: D | I114: 1 | J114: 2 | K114: A | L114: T Robinson | M114: 17 | N114: 13 | O114: 5 | P114: 6 | Q114: 10 | R114: 11 | S114: 10 | T114: 1 | U114: 3 | V114: 2 | W114: 0 | X114: 0 | Y114: 1.62 | Z114: 4 | AA114: 5.5 | AB114: 1.62 | AC114: 4.2 | AD114: 5.25 | AE114: 1.62 | AF114: 4.1 | AG114: 5.5 | AH114: 1.63 | AI114: 4.06 | AJ114: 5.59 | AK114: 1.62 | AL114: 4.2 | AM114: 5.5 | AN114: 1.65 | AO114: 4.28 | AP114: 5.35 | AQ114: 1.68 | AR114: 4.28 | AS114: 5.7 | AT114: 1.63 | AU114: 4.11 | AV114: 5.45 | AW114: 1.68 | AX114: 4.3 | AY114: 5.8 | AZ114: 1.73 | BA114: 2.1 | BB114: 1.78 | BC114: 2.12 | BD114: 1.79 | BE114: 2.17 | BF114: 1.75 | BG114: 2.11 | BH114: 1.8 | BI114: 2.18 | BJ114: -1 | BK114: 2.07 | BL114: 1.83 | BM114: 2.11 | BN114: 1.82 | BO114: 2.11 | BP114: 1.85 | BQ114: 2.06 | BR114: 1.81 | BS114: 2.11 | BT114: 1.85 | BU114: 1.73 | BV114: 3.7 | BW114: 5 | BX114: 1.73 | BY114: 3.8 | BZ114: 4.8 | CA114: 1.73 | CB114: 3.8 | CC114: 5 | CD114: 1.75 | CE114: 3.84 | CF114: 5.01 | CG114: 1.65 | CH114: 3.8 | CI114: 5.5 | CJ114: 1.74 | CK114: 3.8 | CL114: 5.11 | CM114: 1.78 | CN114: 3.95 | CO114: 5.5 | CP114: 1.73 | CQ114: 3.83 | CR114: 4.95 | CS114: 1.76 | CT114: 3.95 | CU114: 5.4 | CV114: 1.88 | CW114: 2.02 | CX114: 1.89 | CY114: 2.01 | CZ114: 1.9 | DA114: 2.1 | DB114: 1.84 | DC114: 2.01 | DD114: 1.92 | DE114: 2.06 | DF114: -0.75 | DG114: 1.99 | DH114: 1.94 | DI114: 1.99 | DJ114: 1.93 | DK114: 2 | DL114: 2 | DM114: 1.92 | DN114: 1.94 | DO114: 1.98 | DP114: 2
A115: E0 | B115: 23/11/2024 | C115: 0.625 | D115: Bournemouth | E115: Brighton | F115: 1 | G115: 2 | H115: A | I115: 0 | J115: 1 | K115: A | L115: S Attwell | M115: 19 | N115: 6 | O115: 5 | P115: 4 | Q115: 13 | R115: 10 | S115: 7 | T115: 0 | U115: 2 | V115: 2 | W115: 0 | X115: 1 | Y115: 2.4 | Z115: 3.6 | AA115: 2.8 | AB115: 2.35 | AC115: 3.6 | AD115: 2.87 | AE115: 2.45 | AF115: 3.6 | AG115: 2.8 | AH115: 2.42 | AI115: 3.62 | AJ115: 2.91 | AK115: 2.45 | AL115: 3.6 | AM115: 2.8 | AN115: 2.42 | AO115: 3.69 | AP115: 2.93 | AQ115: 2.45 | AR115: 3.75 | AS115: 2.99 | AT115: 2.41 | AU115: 3.62 | AV115: 2.86 | AW115: 2.46 | AX115: 3.7 | AY115: 3.05 | AZ115: 1.57 | BA115: 2.38 | BB115: 1.6 | BC115: 2.46 | BD115: 1.6 | BE115: 2.51 | BF115: 1.57 | BG115: 2.41 | BH115: 1.61 | BI115: 2.56 | BJ115: -0.25 | BK115: 2.08 | BL115: 1.73 | BM115: 2.11 | BN115: 1.81 | BO115: 2.13 | BP115: 1.83 | BQ115: 2.06 | BR115: 1.79 | BS115: 2.12 | BT115: 1.87 | BU115: 2.35 | BV115: 3.6 | BW115: 2.88 | BX115: 2.4 | BY115: 3.5 | BZ115: 2.85 | CA115: 2.45 | CB115: 3.5 | CC115: 2.8 | CD115: 2.49 | CE115: 3.6 | CF115: 2.88 | CG115: 2.45 | CH115: 3.5 | CI115: 2.8 | CJ115: 2.47 | CK115: 3.67 | CL115: 2.83 | CM115: 2.56 | CN115: 3.67 | CO115: 2.9 | CP115: 2.46 | CQ115: 3.56 | CR115: 2.84 | CS115: 2.56 | CT115: 3.7 | CU115: 2.94 | CV115: 1.57 | CW115: 2.38 | CX115: 1.59 | CY115: 2.49 | CZ115: 1.61 | DA115: 2.52 | DB115: 1.57 | DC115: 2.45 | DD115: 1.63 | DE115: 2.56 | DF115: 0 | DG115: 1.73 | DH115: 2.08 | DI115: 1.83 | DJ115: 2.12 | DK115: 1.83 | DL115: 2.14 | DM115: 1.79 | DN115: 2.09 | DO115: 1.86 | DP115: 2.14
A116: E0 | B116: 23/11/2024 | C116: 0.625 | D116: Everton | E116: Brentford | F116: 0 | G116: 0 | H116: D | I116: 0 | J116: 0 | K116: D | L116: C Kavanagh | M116: 27 | N116: 9 | O116: 5 | P116: 2 | Q116: 8 | R116: 10 | S116: 10 | T116: 4 | U116: 0 | V116: 0 | W116: 0 | X116: 1 | Y116: 2.45 | Z116: 3.4 | AA116: 2.88 | AB116: 2.4 | AC116: 3.4 | AD116: 2.95 | AE116: 2.45 | AF116: 3.4 | AG116: 3 | AH116: 2.5 | AI116: 3.38 | AJ116: 2.97 | AK116: 2.4 | AL116: 3.4 | AM116: 3 | AN116: 2.45 | AO116: 3.62 | AP116: 2.94 | AQ116: 2.52 | AR116: 3.62 | AS116: 3.11 | AT116: 2.46 | AU116: 3.41 | AV116: 2.94 | AW116: 2.5 | AX116: 3.5 | AY116: 3.1 | AZ116: 1.86 | BA116: 2.04 | BB116: 1.83 | BC116: 2.05 | BD116: 1.9 | BE116: 2.07 | BF116: 1.84 | BG116: 2.01 | BH116: 1.9 | BI116: 2.08 | BJ116: -0.25 | BK116: 2.08 | BL116: 1.73 | BM116: 2.14 | BN116: 1.78 | BO116: 2.14 | BP116: 1.82 | BQ116: 2.08 | BR116: 1.77 | BS116: 2.15 | BT116: 1.85 | BU116: 2.3 | BV116: 3.4 | BW116: 3.1 | BX116: 2.35 | BY116: 3.3 | BZ116: 3.1 | CA116: 2.38 | CB116: 3.3 | CC116: 3.1 | CD116: 2.38 | CE116: 3.42 | CF116: 3.18 | CG116: 2.38 | CH116: 3.3 | CI116: 3.1 | CJ116: 2.29 | CK116: 3.47 | CL116: 3.28 | CM116: 2.42 | CN116: 3.47 | CO116: 3.28 | CP116: 2.36 | CQ116: 3.38 | CR116: 3.13 | CS116: 2.46 | CT116: 3.5 | CU116: 3.2 | CV116: 1.88 | CW116: 2.02 | CX116: 1.88 | CY116: 2.03 | CZ116: 1.91 | DA116: 2.04 | DB116: 1.86 | DC116: 1.99 | DD116: 1.92 | DE116: 2.06 | DF116: -0.25 | DG116: 2.06 | DH116: 1.87 | DI116: 2.05 | DJ116: 1.88 | DK116: 2.07 | DL116: 1.91 | DM116: 2.01 | DN116: 1.85 | DO116: 2.1 | DP116: 1.89
A117: E0 | B117: 23/11/2024 | C117: 0.625 | D117: Fulham | E117: Wolves | F117: 1 | G117: 4 | H117: A | I117: 1 | J117: 1 | K117: D | L117: R Jones | M117: 10 | N117: 10 | O117: 3 | P117: 5 | Q117: 14 | R117: 14 | S117: 7 | T117: 2 | U117: 3 | V117: 0 | W117: 0 | X117: 0 | Y117: 1.62 | Z117: 4 | AA117: 5.25 | AB117: 1.66 | AC117: 4 | AD117: 5 | AE117: 1.65 | AF117: 4 | AG117: 5 | AH117: 1.64 | AI117: 4.11 | AJ117: 5.43 | AK117: 1.67 | AL117: 4 | AM117: 5 | AN117: 1.68 | AO117: 4.28 | AP117: 5.09 | AQ117: 1.71 | AR117: 4.28 | AS117: 6.14 | AT117: 1.65 | AU117: 4.09 | AV117: 5.23 | AW117: 1.69 | AX117: 4.3 | AY117: 5.5 | AZ117: 1.67 | BA117: 2.2 | BB117: 1.7 | BC117: 2.24 | BD117: 1.72 | BE117: 2.28 | BF117: 1.68 | BG117: 2.21 | BH117: 1.74 | BI117: 2.3 | BJ117: -0.75 | BK117: 1.78 | BL117: 2.03 | BM117: 1.81 | BN117: 2.09 | BO117: 1.83 | BP117: 2.12 | BQ117: 1.81 | BR117: 2.03 | BS117: 1.86 | BT117: 2.13 | BU117: 1.53 | BV117: 4.33 | BW117: 5.75 | BX117: 1.55 | BY117: 4.4 | BZ117: 5.75 | CA117: 1.55 | CB117: 4.4 | CC117: 5.5 | CD117: 1.57 | CE117: 4.43 | CF117: 5.91 | CG117: 1.55 | CH117: 4.33 | CI117: 5.8 | CJ117: 1.57 | CK117: 4.44 | CL117: 5.9 | CM117: 1.58 | CN117: 4.6 | CO117: 6.12 | CP117: 1.55 | CQ117: 4.44 | CR117: 5.85 | CS117: 1.58 | CT117: 4.6 | CU117: 6.2 | CV117: 1.57 | CW117: 2.38 | CX117: 1.63 | CY117: 2.38 | CZ117: 1.65 | DA117: 2.49 | DB117: 1.61 | DC117: 2.37 | DD117: 1.66 | DE117: 2.48 | DF117: -1 | DG117: 1.94 | DH117: 1.99 | DI117: 1.94 | DJ117: 1.98 | DK117: 1.95 | DL117: 2.01 | DM117: 1.9 | DN117: 1.97 | DO117: 1.97 | DP117: 2.02
A118: E0 | B118: 23/11/2024 | C118: 0.72916667 | D118: Man City | E118: Tottenham | F118: 0 | G118: 4 | H118: A | I118: 0 | J118: 2 | K118: A | L118: J Brooks | M118: 23 | N118: 9 | O118: 5 | P118: 7 | Q118: 19 | R118: 9 | S118: 9 | T118: 3 | U118: 4 | V118: 2 | W118: 0 | X118: 0 | Y118: 1.48 | Z118: 4.75 | AA118: 6 | AB118: 1.51 | AC118: 4.8 | AD118: 5.5 | AE118: 1.47 | AF118: 5 | AG118: 6 | AH118: 1.48 | AI118: 4.98 | AJ118: 6.13 | AK118: 1.5 | AL118: 5 | AM118: 5.8 | AN118: 1.5 | AO118: 5.29 | AP118: 5.9 | AQ118: 1.52 | AR118: 5.29 | AS118: 6.36 | AT118: 1.49 | AU118: 5.01 | AV118: 5.92 | AW118: 1.5 | AX118: 5.3 | AY118: 6.6 | AZ118: 1.3 | BA118: 3.5 | BB118: 1.34 | BC118: 3.39 | BD118: 1.34 | BE118: 3.64 | BF118: 1.31 | BG118: 3.46 | BH118: 1.33 | BI118: 3.75 | BJ118: -1.25 | BK118: 1.98 | BL118: 1.92 | BM118: 1.96 | BN118: 1.94 | BO118: 2 | BP118: 1.94 | BQ118: 1.94 | BR118: 1.9 | BS118: 2.01 | BT118: 1.94 | BU118: 1.4 | BV118: 5 | BW118: 7 | BX118: 1.41 | BY118: 5.25 | BZ118: 6.75 | CA118: 1.36 | CB118: 5.5 | CC118: 7.5 | CD118: 1.44 | CE118: 5.28 | CF118: 6.71 | CG118: 1.4 | CH118: 5 | CI118: 7.5 | CJ118: 1.45 | CK118: 5.13 | CL118: 6.9 | CM118: 1.45 | CN118: 5.7 | CO118: 7.5 | CP118: 1.41 | CQ118: 5.35 | CR118: 6.94 | CS118: 1.41 | CT118: 5.8 | CU118: 8 | CV118: 1.33 | CW118: 3.4 | CX118: 1.33 | CY118: 3.47 | CZ118: 1.35 | DA118: 3.71 | DB118: 1.32 | DC118: 3.45 | DD118: 1.37 | DE118: 3.65 | DF118: -1.5 | DG118: 2.06 | DH118: 1.87 | DI118: 2.08 | DJ118: 1.85 | DK118: 2.09 | DL118: 1.95 | DM118: 2.03 | DN118: 1.84 | DO118: 2.1 | DP118: 1.9
A119: E0 | B119: 24/11/2024 | C119: 0.58333333 | D119: Southampton | E119: Liverpool | F119: 2 | G119: 3 | H119: A | I119: 1 | J119: 1 | K119: D | L119: S Barrott | M119: 7 | N119: 27 | O119: 5 | P119: 11 | Q119: 11 | R119: 9 | S119: 3 | T119: 10 | U119: 3 | V119: 4 | W119: 0 | X119: 0 | Y119: 11 | Z119: 5.75 | AA119: 1.27 | AB119: 10 | AC119: 6.25 | AD119: 1.28 | AE119: 10.5 | AF119: 6 | AG119: 1.29 | AH119: 10.83 | AI119: 5.79 | AJ119: 1.28 | AK119: 10 | AL119: 5.8 | AM119: 1.29 | AN119: 10.1 | AO119: 6.21 | AP119: 1.3 | AQ119: 11 | AR119: 6.4 | AS119: 1.32 | AT119: 10.4 | AU119: 5.96 | AV119: 1.28 | AW119: 12 | AX119: 6.4 | AY119: 1.31 | AZ119: 1.44 | BA119: 2.75 | BB119: 1.46 | BC119: 2.78 | BD119: 1.48 | BE119: 2.94 | BF119: 1.44 | BG119: 2.8 | BH119: 1.47 | BI119: 3.05 | BJ119: 1.75 | BK119: 1.9 | BL119: 2 | BM119: 1.88 | BN119: 2.01 | BO119: 1.92 | BP119: 2.06 | BQ119: 1.85 | BR119: 1.98 | BS119: 1.91 | BT119: 2.04 | BU119: 8.5 | BV119: 5.25 | BW119: 1.33 | BX119: 8 | BY119: 5.75 | BZ119: 1.34 | CA119: 9.5 | CB119: 5.5 | CC119: 1.25 | CD119: 10 | CE119: 5.95 | CF119: 1.31 | CG119: 8.5 | CH119: 5.5 | CI119: 1.33 | CJ119: 9.17 | CK119: 5.41 | CL119: 1.36 | CM119: 10 | CN119: 6 | CO119: 1.36 | CP119: 9.12 | CQ119: 5.7 | CR119: 1.32 | CS119: 11 | CT119: 6.2 | CU119: 1.33 | CV119: 1.4 | CW119: 3 | CX119: 1.4 | CY119: 3.12 | CZ119: 1.44 | DA119: 3.16 | DB119: 1.4 | DC119: 3.02 | DD119: 1.42 | DE119: 3.3 | DF119: 1.5 | DG119: 2 | DH119: 1.93 | DI119: 2.01 | DJ119: 1.92 | DK119: 2.03 | DL119: 1.94 | DM119: 1.97 | DN119: 1.89 | DO119: 2.06 | DP119: 1.94
A120: E0 | B120: 24/11/2024 | C120: 0.6875 | D120: Ipswich | E120: Man United | F120: 1 | G120: 1 | H120: D | I120: 1 | J120: 1 | K120: D | L120: A Taylor | M120: 11 | N120: 11 | O120: 6 | P120: 4 | Q120: 11 | R120: 10 | S120: 4 | T120: 3 | U120: 0 | V120: 0 | W120: 0 | X120: 0 | Y120: 5.25 | Z120: 4 | AA120: 1.62 | AB120: 4.8 | AC120: 4.2 | AD120: 1.65 | AE120: 5 | AF120: 4.2 | AG120: 1.62 | AH120: 5.24 | AI120: 4.25 | AJ120: 1.64 | AK120: 5 | AL120: 4.2 | AM120: 1.65 | AN120: 4.99 | AO120: 4.48 | AP120: 1.66 | AQ120: 5.3 | AR120: 4.48 | AS120: 1.68 | AT120: 5.06 | AU120: 4.22 | AV120: 1.63 | AW120: 5.5 | AX120: 4.4 | AY120: 1.67 | AZ120: 1.57 | BA120: 2.38 | BB120: 1.57 | BC120: 2.5 | BD120: 1.62 | BE120: 2.57 | BF120: 1.56 | BG120: 2.44 | BH120: 1.6 | BI120: 2.58 | BJ120: 1 | BK120: 1.83 | BL120: 2.07 | BM120: 1.84 | BN120: 2.08 | BO120: 1.86 | BP120: 2.08 | BQ120: 1.82 | BR120: 2.05 | BS120: 1.89 | BT120: 2.08 | BU120: 5 | BV120: 4.1 | BW120: 1.65 | BX120: 4.8 | BY120: 4 | BZ120: 1.68 | CA120: 5 | CB120: 4 | CC120: 1.62 | CD120: 5.15 | CE120: 4.16 | CF120: 1.68 | CG120: 5.5 | CH120: 3.9 | CI120: 1.65 | CJ120: 5.42 | CK120: 4.18 | CL120: 1.65 | CM120: 5.5 | CN120: 4.25 | CO120: 1.72 | CP120: 5.06 | CQ120: 4.09 | CR120: 1.67 | CS120: 5.6 | CT120: 4.3 | CU120: 1.69 | CV120: 1.67 | CW120: 2.2 | CX120: 1.66 | CY120: 2.33 | CZ120: 1.68 | DA120: 2.43 | DB120: 1.64 | DC120: 2.3 | DD120: 1.69 | DE120: 2.42 | DF120: 0.75 | DG120: 2.06 | DH120: 1.87 | DI120: 2.06 | DJ120: 1.87 | DK120: 2.12 | DL120: 1.88 | DM120: 2.04 | DN120: 1.83 | DO120: 2.12 | DP120: 1.88
A121: E0 | B121: 25/11/2024 | C121: 0.83333333 | D121: Newcastle | E121: West Ham | F121: 0 | G121: 2 | H121: A | I121: 0 | J121: 1 | K121: A | L121: C Pawson | M121: 18 | N121: 15 | O121: 2 | P121: 6 | Q121: 11 | R121: 8 | S121: 8 | T121: 3 | U121: 1 | V121: 0 | W121: 0 | X121: 0 | Y121: 1.5 | Z121: 4.5 | AA121: 6 | AB121: 1.51 | AC121: 4.5 | AD121: 6 | AE121: 1.44 | AF121: 4.5 | AG121: 6 | AH121: 1.5 | AI121: 4.58 | AJ121: 6.49 | AK121: 1.53 | AL121: 4.4 | AM121: 6 | AN121: 1.53 | AO121: 4.79 | AP121: 6.16 | AQ121: 1.54 | AR121: 4.79 | AS121: 6.6 | AT121: 1.5 | AU121: 4.57 | AV121: 6.21 | AW121: 1.52 | AX121: 4.9 | AY121: 6.8 | AZ121: 1.53 | BA121: 2.5 | BB121: 1.58 | BC121: 2.49 | BD121: 1.58 | BE121: 2.55 | BF121: 1.55 | BG121: 2.45 | BH121: 1.58 | BI121: 2.6 | BJ121: -1 | BK121: 1.75 | BL121: 2.05 | BM121: 1.79 | BN121: 2.12 | BO121: 1.85 | BP121: 2.12 | BQ121: 1.79 | BR121: 2.08 | BS121: 1.81 | BT121: 2.17 | BU121: 1.45 | BV121: 4.75 | BW121: 6.25 | BX121: 1.47 | BY121: 4.75 | BZ121: 6.25 | CA121: 1.47 | CB121: 4.75 | CC121: 6.5 | CD121: 1.5 | CE121: 4.71 | CF121: 6.64 | CG121: 1.5 | CH121: 4.6 | CI121: 6.5 | CJ121: 1.5 | CK121: 4.85 | CL121: 6.38 | CM121: 1.5 | CN121: 5 | CO121: 7.1 | CP121: 1.47 | CQ121: 4.8 | CR121: 6.5 | CS121: 1.49 | CT121: 5.2 | CU121: 7 | CV121: 1.5 | CW121: 2.63 | CX121: 1.51 | CY121: 2.67 | CZ121: 1.56 | DA121: 2.77 | DB121: 1.5 | DC121: 2.64 | DD121: 1.55 | DE121: 2.78 | DF121: -1.25 | DG121: 2.03 | DH121: 1.87 | DI121: 2.05 | DJ121: 1.88 | DK121: 2.05 | DL121: 1.92 | DM121: 1.99 | DN121: 1.87 | DO121: 2.06 | DP121: 1.92
A122: E0 | B122: 29/11/2024 | C122: 0.83333333 | D122: Brighton | E122: Southampton | F122: 1 | G122: 1 | H122: D | I122: 1 | J122: 0 | K122: H | L122: R Jones | M122: 22 | N122: 10 | O122: 5 | P122: 2 | Q122: 20 | R122: 16 | S122: 7 | T122: 6 | U122: 2 | V122: 4 | W122: 0 | X122: 0 | Y122: 1.38 | Z122: 5 | AA122: 7.5 | AB122: 1.38 | AC122: 5.25 | AD122: 7.5 | AE122: 1.36 | AF122: 5 | AG122: 7.5 | AH122: 1.39 | AI122: 5.33 | AJ122: 7.66 | AK122: 1.4 | AL122: 5 | AM122: 7.5 | AN122: 1.43 | AO122: 5.35 | AP122: 7.23 | AQ122: 1.43 | AR122: 5.5 | AS122: 8 | AT122: 1.39 | AU122: 5.29 | AV122: 7.57 | AW122: 1.41 | AX122: 5.6 | AY122: 8.6 | AZ122: 1.44 | BA122: 2.75 | BB122: 1.43 | BC122: 2.9 | BD122: 1.45 | BE122: 2.98 | BF122: 1.43 | BG122: 2.84 | BH122: 1.46 | BI122: 3.05 | BJ122: -1.5 | BK122: 2.02 | BL122: 1.88 | BM122: 2.04 | BN122: 1.87 | BO122: 2.04 | BP122: 1.91 | BQ122: 2.01 | BR122: 1.85 | BS122: 2.03 | BT122: 1.92 | BU122: 1.38 | BV122: 5.25 | BW122: 7.5 | BX122: 1.4 | BY122: 5.25 | BZ122: 7 | CA122: 1.36 | CB122: 5.5 | CC122: 7.5 | CD122: 1.38 | CE122: 5.68 | CF122: 7.25 | CG122: 1.4 | CH122: 5 | CI122: 7 | CJ122: 1.42 | CK122: 5.33 | CL122: 7.37 | CM122: 1.42 | CN122: 5.8 | CO122: 8 | CP122: 1.39 | CQ122: 5.45 | CR122: 7.29 | CS122: 1.39 | CT122: 5.8 | CU122: 8.8 | CV122: 1.36 | CW122: 3.2 | CX122: 1.36 | CY122: 3.22 | CZ122: 1.42 | DA122: 3.27 | DB122: 1.38 | DC122: 3.12 | DD122: 1.42 | DE122: 3.35 | DF122: -1.5 | DG122: 2.01 | DH122: 1.89 | DI122: 2.01 | DJ122: 1.9 | DK122: 2.06 | DL122: 1.91 | DM122: 2 | DN122: 1.87 | DO122: 2.07 | DP122: 1.92
A123: E0 | B123: 30/11/2024 | C123: 0.625 | D123: Brentford | E123: Leicester | F123: 4 | G123: 1 | H123: H | I123: 3 | J123: 1 | K123: H | L123: M Oliver | M123: 13 | N123: 7 | O123: 6 | P123: 3 | Q123: 9 | R123: 10 | S123: 5 | T123: 4 | U123: 1 | V123: 1 | W123: 0 | X123: 0 | Y123: 1.65 | Z123: 4.2 | AA123: 4.75 | AB123: 1.68 | AC123: 4.1 | AD123: 4.6 | AE123: 1.65 | AF123: 4.2 | AG123: 4.75 | AH123: 1.65 | AI123: 4.33 | AJ123: 4.98 | AK123: 1.65 | AL123: 4.2 | AM123: 4.8 | AN123: 1.68 | AO123: 4.38 | AP123: 4.94 | AQ123: 1.68 | AR123: 4.4 | AS123: 5.1 | AT123: 1.66 | AU123: 4.24 | AV123: 4.87 | AW123: 1.69 | AX123: 4.4 | AY123: 5.3 | AZ123: 1.57 | BA123: 2.38 | BB123: 1.6 | BC123: 2.43 | BD123: 1.63 | BE123: 2.55 | BF123: 1.58 | BG123: 2.41 | BH123: 1.62 | BI123: 2.54 | BJ123: -0.75 | BK123: 1.85 | BL123: 2.05 | BM123: 1.83 | BN123: 2.1 | BO123: 1.88 | BP123: 2.1 | BQ123: 1.82 | BR123: 2.03 | BS123: 1.85 | BT123: 2.13 | BU123: 1.6 | BV123: 4.33 | BW123: 5 | BX123: 1.63 | BY123: 4.2 | BZ123: 5 | CA123: 1.6 | CB123: 4.33 | CC123: 5 | CD123: 1.63 | CE123: 4.36 | CF123: 5.38 | CG123: 1.6 | CH123: 4.2 | CI123: 5.5 | CJ123: 1.66 | CK123: 4.44 | CL123: 4.92 | CM123: 1.66 | CN123: 4.5 | CO123: 5.6 | CP123: 1.61 | CQ123: 4.33 | CR123: 5.27 | CS123: 1.64 | CT123: 4.5 | CU123: 5.7 | CV123: 1.57 | CW123: 2.38 | CX123: 1.61 | CY123: 2.41 | CZ123: 1.63 | DA123: 2.49 | DB123: 1.59 | DC123: 2.4 | DD123: 1.63 | DE123: 2.56 | DF123: -1 | DG123: 2.04 | DH123: 1.86 | DI123: 2.05 | DJ123: 1.88 | DK123: 2.09 | DL123: 1.92 | DM123: 2.01 | DN123: 1.86 | DO123: 2.08 | DP123: 1.91
... A127: E0 | B127: 30/11/2024 | C127: 0.72916667 | D127: West Ham | E127: Arsenal | F127: 2 | G127: 5 | H127: A | I127: 2 | J127: 5 | K127: A | L127: A Taylor | M127: 12 | N127: 16 | O127: 5 | P127: 7 | Q127: 10 | R127: 13 | S127: 2 | T127: 10 | U127: 4 | V127: 1 | W127: 0 | X127: 0 | Y127: 7 | Z127: 4.5 | AA127: 1.45 | AB127: 6.5 | AC127: 4.5 | AD127: 1.49 | AE127: 7 | AF127: 4.75 | AG127: 1.44 | AH127: 7.07 | AI127: 4.76 | AJ127: 1.46 | AK127: 7.5 | AL127: 4.5 | AM127: 1.44 | AN127: 7.24 | AO127: 4.84 | AP127: 1.47 | AQ127: 7.5 | AR127: 4.9 | AS127: 1.49 | AT127: 7.09 | AU127: 4.68 | AV127: 1.46 | AW127: 7.6 | AX127: 5 | AY127: 1.48 | AZ127: 1.73 | BA127: 2.1 | BB127: 1.71 | BC127: 2.21 | BD127: 1.74 | BE127: 2.28 | BF127: 1.7 | BG127: 2.19 | BH127: 1.73 | BI127: 2.32 | BJ127: 1.25 | BK127: 1.87 | BL127: 2.03 | BM127: 1.89 | BN127: 2.02 | BO127: 1.89 | BP127: 2.06 | BQ127: 1.85 | BR127: 1.99 | BS127: 1.91 | BT127: 2.03 | BU127: 7 | BV127: 4.5 | BW127: 1.42 | BX127: 7 | BY127: 4.75 | BZ127: 1.44 | CA127: 7.5 | CB127: 4.75 | CC127: 1.36 | CD127: 7.34 | CE127: 4.89 | CF127: 1.45 | CG127: 7.5 | CH127: 4.6 | CI127: 1.44 | CJ127: 7.26 | CK127: 4.67 | CL127: 1.48 | CM127: 8 | CN127: 5 | CO127: 1.48 | CP127: 7.37 | CQ127: 4.78 | CR127: 1.44 | CS127: 8.2 | CT127: 5.2 | CU127: 1.45 | CV127: 1.67 | CW127: 2.2 | CX127: 1.66 | CY127: 2.32 | CZ127: 1.73 | DA127: 2.38 | DB127: 1.66 | DC127: 2.26 | DD127: 1.71 | DE127: 2.38 | DF127: 1.25 | DG127: 1.92 | DH127: 1.98 | DI127: 1.94 | DJ127: 1.98 | DK127: 1.95 | DL127: 2.02 | DM127: 1.9 | DN127: 1.96 | DO127: 1.98 | DP127: 2.01
A128: E0 | B128: 45303 | C128: 0.5625 | D128: Chelsea | E128: Aston Villa | F128: 3 | G128: 0 | H128: H | I128: 2 | J128: 0 | K128: H | L128: S Attwell | M128: 17 | N128: 10 | O128: 8 | P128: 4 | Q128: 21 | R128: 6 | S128: 3 | T128: 4 | U128: 2 | V128: 2 | W128: 0 | X128: 0 | Y128: 1.7 | Z128: 4.1 | AA128: 4.5 | AB128: 1.75 | AC128: 4.1 | AD128: 4.33 | AE128: 1.7 | AF128: 4.2 | AG128: 4.6 | AH128: 1.7 | AI128: 4.3 | AJ128: 4.6 | AK128: 1.73 | AL128: 4.2 | AM128: 4.4 | AN128: 1.74 | AO128: 4.33 | AP128: 4.53 | AQ128: 1.75 | AR128: 4.35 | AS128: 4.7 | AT128: 1.71 | AU128: 4.21 | AV128: 4.51 | AW128: 1.74 | AX128: 4.4 | AY128: 5 | AZ128: 1.53 | BA128: 2.5 | BB128: 1.56 | BC128: 2.54 | BD128: 1.56 | BE128: 2.6 | BF128: 1.53 | BG128: 2.51 | BH128: 1.57 | BI128: 2.64 | BJ128: -0.75 | BK128: 1.89 | BL128: 2.01 | BM128: 1.89 | BN128: 2.01 | BO128: 1.91 | BP128: 2.02 | BQ128: 1.87 | BR128: 1.96 | BS128: 1.92 | BT128: 2.03 | BU128: 1.7 | BV128: 4 | BW128: 4.5 | BX128: 1.72 | BY128: 4.1 | BZ128: 4.5 | CA128: 1.67 | CB128: 3.9 | CC128: 4.75 | CD128: 1.75 | CE128: 4.07 | CF128: 4.69 | CG128: 1.7 | CH128: 4 | CI128: 4.75 | CJ128: 1.7 | CK128: 4.24 | CL128: 4.85 | CM128: 1.77 | CN128: 4.3 | CO128: 4.85 | CP128: 1.72 | CQ128: 4.08 | CR128: 4.66 | CS128: 1.75 | CT128: 4.2 | CU128: 5.1 | CV128: 1.57 | CW128: 2.38 | CX128: 1.58 | CY128: 2.5 | CZ128: 1.58 | DA128: 2.6 | DB128: 1.56 | DC128: 2.48 | DD128: 1.61 | DE128: 2.6 | DF128: -0.75 | DG128: 1.97 | DH128: 1.96 | DI128: 1.96 | DJ128: 1.96 | DK128: 1.99 | DL128: 2.03 | DM128: 1.9 | DN128: 1.96 | DO128: 1.93 | DP128: 2.04
A129: E0 | B129: 45303 | C129: 0.5625 | D129: Man United | E129: Everton | F129: 4 | G129: 0 | H129: H | I129: 2 | J129: 0 | K129: H | L129: J Brooks | M129: 11 | N129: 8 | O129: 5 | P129: 2 | Q129: 12 | R129: 12 | S129: 2 | T129: 2 | U129: 2 | V129: 3 | W129: 0 | X129: 0 | Y129: 1.53 | Z129: 4.2 | AA129: 6 | AB129: 1.51 | AC129: 4.5 | AD129: 6.25 | AE129: 1.5 | AF129: 4.33 | AG129: 6.5 | AH129: 1.55 | AI129: 4.36 | AJ129: 6.17 | AK129: 1.53 | AL129: 4.33 | AM129: 6 | AN129: 1.56 | AO129: 4.48 | AP129: 6.21 | AQ129: 1.56 | AR129: 4.5 | AS129: 6.5 | AT129: 1.54 | AU129: 4.33 | AV129: 6.08 | AW129: 1.56 | AX129: 4.6 | AY129: 7 | AZ129: 1.73 | BA129: 2.1 | BB129: 1.78 | BC129: 2.11 | BD129: 1.8 | BE129: 2.17 | BF129: 1.75 | BG129: 2.11 | BH129: 1.8 | BI129: 2.14 | BJ129: -1 | BK129: 1.93 | BL129: 1.97 | BM129: 1.94 | BN129: 1.96 | BO129: 1.95 | BP129: 1.99 | BQ129: 1.9 | BR129: 1.95 | BS129: 1.91 | BT129: 2.03 | BU129: 1.57 | BV129: 4 | BW129: 5.75 | BX129: 1.6 | BY129: 4.1 | BZ129: 5.5 | CA129: 1.57 | CB129: 3.9 | CC129: 5.5 | CD129: 1.62 | CE129: 4.07 | CF129: 5.98 | CG129: 1.62 | CH129: 4 | CI129: 5.5 | CJ129: 1.64 | CK129: 4 | CL129: 5.91 | CM129: 1.67 | CN129: 4.25 | CO129: 6.01 | CP129: 1.62 | CQ129: 4.05 | CR129: 5.68 | CS129: 1.61 | CT129: 4.2 | CU129: 6.6 | CV129: 1.8 | CW129: 2 | CX129: 1.85 | CY129: 2.06 | CZ129: 1.85 | DA129: 2.13 | DB129: 1.8 | DC129: 2.05 | DD129: 1.86 | DE129: 2.14 | DF129: -1 | DG129: 2.05 | DH129: 1.88 | DI129: 2.07 | DJ129: 1.86 | DK129: 2.17 | DL129: 1.9 | DM129: 2.05 | DN129: 1.83 | DO129: 2.06 | DP129: 1.92
A130: E0 | B130: 45303 | C130: 0.5625 | D130: Tottenham | E130: Fulham | F130: 1 | G130: 1 | H130: D | I130: 0 | J130: 0 | K130: D | L130: D Bond | M130: 8 | N130: 14 | O130: 3 | P130: 6 | Q130: 4 | R130: 14 | S130: 7 | T130: 11 | U130: 0 | V130: 1 | W130: 0 | X130: 1 | Y130: 1.7 | Z130: 4.5 | AA130: 4.1 | AB130: 1.7 | AC130: 4.33 | AD130: 4.33 | AE130: 1.7 | AF130: 4.4 | AG130: 4.33 | AH130: 1.75 | AI130: 4.35 | AJ130: 4.28 | AK130: 1.73 | AL130: 4.2 | AM130: 4.33 | AN130: 1.77 | AO130: 4.38 | AP130: 4.28 | AQ130: 1.77 | AR130: 4.5 | AS130: 4.4 | AT130: 1.72 | AU130: 4.35 | AV130: 4.24 | AW130: 1.75 | AX130: 4.6 | AY130: 4.5 | AZ130: 1.44 | BA130: 2.75 | BB130: 1.44 | BC130: 2.89 | BD130: 1.45 | BE130: 2.98 | BF130: 1.42 | BG130: 2.84 | BH130: 1.46 | BI130: 3 | BJ130: -0.75 | BK130: 1.91 | BL130: 1.99 | BM130: 1.94 | BN130: 1.96 | BO130: 1.94 | BP130: 2 | BQ130: 1.89 | BR130: 1.94 | BS130: 1.93 | BT130: 2.05 | BU130: 1.95 | BV130: 4.2 | BW130: 3.3 | BX130: 1.95 | BY130: 4 | BZ130: 3.5 | CA130: 1.9 | CB130: 3.9 | CC130: 3.6 | CD130: 1.98 | CE130: 4.06 | CF130: 3.61 | CG130: 1.91 | CH130: 4.2 | CI130: 3.5 | CJ130: 1.9 | CK130: 4.41 | CL130: 3.62 | CM130: 2.02 | CN130: 4.41 | CO130: 3.73 | CP130: 1.95 | CQ130: 4.07 | CR130: 3.56 | CS130: 1.99 | CT130: 4.1 | CU130: 3.85 | CV130: 1.4 | CW130: 3 | CX130: 1.43 | CY130: 2.98 | CZ130: 1.48 | DA130: 3.14 | DB130: 1.42 | DC130: 2.92 | DD130: 1.45 | DE130: 3.2 | DF130: -0.5 | DG130: 2 | DH130: 1.93 | DI130: 1.99 | DJ130: 1.93 | DK130: 2 | DL130: 1.96 | DM130: 1.95 | DN130: 1.91 | DO130: 1.99 | DP130: 2
A131: E0 | B131: 45303 | C131: 0.66666667 | D131: Liverpool | E131: Man City | F131: 2 | G131: 0 | H131: H | I131: 1 | J131: 0 | K131: H | L131: C Kavanagh | M131: 18 | N131: 8 | O131: 7 | P131: 2 | Q131: 9 | R131: 8 | S131: 7 | T131: 4 | U131: 1 | V131: 3 | W131: 0 | X131: 0 | Y131: 2.1 | Z131: 3.6 | AA131: 3.3 | AB131: 2.1 | AC131: 3.75 | AD131: 3.25 | AE131: 2.1 | AF131: 3.7 | AG131: 3.5 | AH131: 2.08 | AI131: 3.76 | AJ131: 3.48 | AK131: 2.1 | AL131: 3.6 | AM131: 3.4 | AN131: 2.14 | AO131: 3.71 | AP131: 3.46 | AQ131: 2.14 | AR131: 3.8 | AS131: 3.55 | AT131: 2.09 | AU131: 3.7 | AV131: 3.37 | AW131: 2.14 | AX131: 3.85 | AY131: 3.55 | AZ131: 1.57 | BA131: 2.38 | BB131: 1.58 | BC131: 2.5 | BD131: 1.58 | BE131: 2.51 | BF131: 1.54 | BG131: 2.42 | BH131: 1.57 | BI131: 2.58 | BJ131: -0.25 | BK131: 1.85 | BL131: 2.05 | BM131: 1.81 | BN131: 2.09 | BO131: 1.86 | BP131: 2.1 | BQ131: 1.8 | BR131: 2.04 | BS131: 1.87 | BT131: 2.13 | BU131: 2 | BV131: 3.8 | BW131: 3.5 | BX131: 2 | BY131: 3.7 | BZ131: 3.5 | CA131: 2 | CB131: 3.6 | CC131: 3.5 | CD131: 2.06 | CE131: 3.76 | CF131: 3.6 | CG131: 2.05 | CH131: 3.6 | CI131: 3.6 | CJ131: 2.11 | CK131: 3.87 | CL131: 3.36 | CM131: 2.18 | CN131: 3.95 | CO131: 3.72 | CP131: 2.04 | CQ131: 3.76 | CR131: 3.5 | CS131: 2.1 | CT131: 3.85 | CU131: 3.7 | CV131: 1.49 | CW131: 2.45 | CX131: 1.57 | CY131: 2.53 | CZ131: 1.57 | DA131: 2.75 | DB131: 1.52 | DC131: 2.57 | DD131: 1.6 | DE131: 2.64 | DF131: -0.5 | DG131: 2.07 | DH131: 1.86 | DI131: 2.07 | DJ131: 1.86 | DK131: 2.08 | DL131: 1.89 | DM131: 2.03 | DN131: 1.84 | DO131: 2.1 | DP131: 1.89
A132: E0 | B132: 45363 | C132: 0.8125 | D132: Ipswich | E132: Crystal Palace | F132: 0 | G132: 1 | H132: A | I132: 0 | J132: 0 | K132: D | L132: C Pawson | M132: 9 | N132: 13 | O132: 2 | P132: 3 | Q132: 14 | R132: 13 | S132: 4 | T132: 7 | U132: 2 | V132: 4 | W132: 0 | X132: 0 | Y132: 3 | Z132: 3.4 | AA132: 2.35 | AB132: 3 | AC132: 3.3 | AD132: 2.4 | AE132: 3.1 | AF132: 3.3 | AG132: 2.38 | AH132: 3.15 | AI132: 3.41 | AJ132: 2.39 | AK132: 3.1 | AL132: 3.3 | AM132: 2.38 | AN132: 3.11 | AO132: 3.54 | AP132: 2.37 | AQ132: 3.2 | AR132: 3.54 | AS132: 2.44 | AT132: 3.09 | AU132: 3.37 | AV132: 2.38 | AW132: 3.2 | AX132: 3.45 | AY132: 2.46 | AZ132: 2.01 | BA132: 1.89 | BB132: 2.03 | BC132: 1.88 | BD132: 2.02 | BE132: 1.9 | BF132: 1.98 | BG132: 1.86 | BH132: 2.04 | BI132: 1.94 | BJ132: 0.25 | BK132: 1.85 | BL132: 2.05 | BM132: 1.87 | BN132: 2.07 | BO132: 1.88 | BP132: 2.08 | BQ132: 1.83 | BR132: 2.02 | BS132: 1.87 | BT132: 2.11 | BU132: 3.2 | BV132: 3.4 | BW132: 2.25 | BX132: 3.2 | BY132: 3.25 | BZ132: 2.3 | CA132: 3.25 | CB132: 3.4 | CC132: 2.3 | CD132: 3.35 | CE132: 3.39 | CF132: 2.3 | CG132: 3.3 | CH132: 3.3 | CI132: 2.25 | CJ132: 3.4 | CK132: 3.46 | CL132: 2.23 | CM132: 3.46 | CN132: 3.5 | CO132: 2.35 | CP132: 3.27 | CQ132: 3.36 | CR132: 2.29 | CS132: 3.4 | CT132: 3.4 | CU132: 2.38 | CV132: 2.04 | CW132: 1.86 | CX132: 2.04 | CY132: 1.88 | CZ132: 2.05 | DA132: 1.91 | DB132: 1.99 | DC132: 1.86 | DD132: 2.04 | DE132: 1.94 | DF132: 0.25 | DG132: 1.92 | DH132: 1.98 | DI132: 1.94 | DJ132: 1.98 | DK132: 1.96 | DL132: 2 | DM132: 1.91 | DN132: 1.95 | DO132: 1.96 | DP132: 2.03
A133: E0 | B133: 45363 | C133: 0.84375 | D133: Leicester | E133: West Ham | F133: 3 | G133: 1 | H133: H | I133: 1 | J133: 0 | K133: H | L133: J Smith | M133: 8 | N133: 31 | O133: 6 | P133: 10 | Q133: 9 | R133: 7 | S133: 3 | T133: 9 | U133: 2 | V133: 2 | W133: 0 | X133: 0 | Y133: 2.9 | Z133: 3.4 | AA133: 2.38 | AB133: 2.9 | AC133: 3.4 | AD133: 2.45 | AE133: 2.88 | AF133: 3.4 | AG133: 2.45 | AH133: 2.95 | AI133: 3.43 | AJ133: 2.52 | AK133: 2.88 | AL133: 3.5 | AM133: 2.4 | AN133: 2.91 | AO133: 3.67 | AP133: 2.45 | AQ133: 2.95 | AR133: 3.67 | AS133: 2.57 | AT133: 2.9 | AU133: 3.44 | AV133: 2.47 | AW133: 3 | AX133: 3.6 | AY133: 2.56 | AZ133: 1.73 | BA133: 2.1 | BB133: 1.78 | BC133: 2.13 | BD133: 1.84 | BE133: 2.15 | BF133: 1.79 | BG133: 2.06 | BH133: 1.83 | BI133: 2.18 | BJ133: 0.25 | BK133: 1.81 | BL133: 2.09 | BM133: 1.78 | BN133: 2.16 | BO133: 1.83 | BP133: 2.16 | BQ133: 1.78 | BR133: 2.09 | BS133: 1.82 | BT133: 2.2 | BU133: 3 | BV133: 3.5 | BW133: 2.3 | BX133: 2.9 | BY133: 3.4 | BZ133: 2.45 | CA133: 3 | CB133: 3.4 | CC133: 2.4 | CD133: 3.04 | CE133: 3.5 | CF133: 2.43 | CG133: 3 | CH133: 3.4 | CI133: 2.38 | CJ133: 3.08 | CK133: 3.57 | CL133: 2.34 | CM133: 3.14 | CN133: 3.6 | CO133: 2.45 | CP133: 2.99 | CQ133: 3.47 | CR133: 2.38 | CS133: 3.1 | CT133: 3.6 | CU133: 2.46 | CV133: 1.8 | CW133: 2 | CX133: 1.79 | CY133: 2.1 | CZ133: 1.82 | DA133: 2.26 | DB133: 1.76 | DC133: 2.09 | DD133: 1.84 | DE133: 2.16 | DF133: 0.25 | DG133: 1.83 | DH133: 2.07 | DI133: 1.84 | DJ133: 2.1 | DK133: 1.87 | DL133: 2.11 | DM133: 1.82 | DN133: 2.04 | DO133: 1.87 | DP133: 2.12
A134: E0 | B134: 45394 | C134: 0.8125 | D134: Everton | E134: Wolves | F134: 4 | G134: 0 | H134: H | I134: 2 | J134: 0 | K134: H | L134: M Salisbury | M134: 13 | N134: 6 | O134: 4 | P134: 2 | Q134: 10 | R134: 8 | S134: 3 | T134: 4 | U134: 2 | V134: 0 | W134: 0 | X134: 0 | Y134: 2.1 | Z134: 3.4 | AA134: 3.5 | AB134: 2.1 | AC134: 3.5 | AD134: 3.4 | AE134: 2.15 | AF134: 3.4 | AG134: 3.5 | AH134: 2.16 | AI134: 3.4 | AJ134: 3.62 | AK134: 2.1 | AL134: 3.5 | AM134: 3.5 | AN134: 2.15 | AO134: 3.59 | AP134: 3.55 | AQ134: 2.18 | AR134: 3.59 | AS134: 3.62 | AT134: 2.14 | AU134: 3.46 | AV134: 3.51 | AW134: 2.24 | AX134: 3.55 | AY134: 3.65 | AZ134: 2.03 | BA134: 1.87 | BB134: 2.04 | BC134: 1.86 | BD134: 2.04 | BE134: 1.92 | BF134: 1.98 | BG134: 1.86 | BH134: 2.06 | BI134: 1.9 | BJ134: -0.25 | BK134: 1.85 | BL134: 2.05 | BM134: 1.86 | BN134: 2.06 | BO134: 1.86 | BP134: 2.07 | BQ134: 1.82 | BR134: 2.02 | BS134: 1.92 | BT134: 2.07 | BU134: 2.1 | BV134: 3.3 | BW134: 3.6 | BX134: 2.1 | BY134: 3.3 | BZ134: 3.7 | CA134: 2.05 | CB134: 3.25 | CC134: 3.7 | CD134: 2.14 | CE134: 3.36 | CF134: 3.8 | CG134: 2.1 | CH134: 3.25 | CI134: 3.7 | CJ134: 2.15 | CK134: 3.38 | CL134: 3.69 | CM134: 2.2 | CN134: 3.45 | CO134: 3.93 | CP134: 2.11 | CQ134: 3.35 | CR134: 3.74 | CS134: 2.18 | CT134: 3.5 | CU134: 3.9 | CV134: 2.07 | CW134: 1.83 | CX134: 2.09 | CY134: 1.83 | CZ134: 2.11 | DA134: 1.87 | DB134: 2.05 | DC134: 1.81 | DD134: 2.12 | DE134: 1.88 | DF134: -0.25 | DG134: 1.85 | DH134: 2.08 | DI134: 1.84 | DJ134: 2.1 | DK134: 1.85 | DL134: 2.13 | DM134: 1.81 | DN134: 2.07 | DO134: 1.86 | DP134: 2.14
...

Sheet Raw_data 
A4: Date | B4: HomeTeam | C4: AwayTeam | D4: FTHG | E4: FTAG | F4: FTR | G4: HTHG | H4: HTAG | I4: HS | J4: AS | K4: HST | L4: AST | M4: HF | N4: AF | O4: HC | P4: AC
A5: 45520 | B5: Man United | C5: Fulham | D5: 1 | E5: 0 | F5: H | G5: 0 | H5: 0 | I5: 14 | J5: 10 | K5: 5 | L5: 2 | M5: 12 | N5: 10 | O5: 7 | P5: 8
A6: 45521 | B6: Ipswich | C6: Liverpool | D6: 0 | E6: 2 | F6: A | G6: 0 | H6: 0 | I6: 7 | J6: 18 | K6: 2 | L6: 5 | M6: 9 | N6: 18 | O6: 2 | P6: 10
A7: 45521 | B7: Arsenal | C7: Wolves | D7: 2 | E7: 0 | F7: H | G7: 1 | H7: 0 | I7: 18 | J7: 9 | K7: 6 | L7: 3 | M7: 17 | N7: 14 | O7: 8 | P7: 2
A8: 45521 | B8: Everton | C8: Brighton | D8: 0 | E8: 3 | F8: A | G8: 0 | H8: 1 | I8: 9 | J8: 10 | K8: 1 | L8: 5 | M8: 8 | N8: 8 | O8: 1 | P8: 5
A9: 45521 | B9: Newcastle | C9: Southampton | D9: 1 | E9: 0 | F9: H | G9: 1 | H9: 0 | I9: 3 | J9: 19 | K9: 1 | L9: 4 | M9: 15 | N9: 16 | O9: 3 | P9: 12
A10: 45521 | B10: Nott'm Forest | C10: Bournemouth | D10: 1 | E10: 1 | F10: D | G10: 1 | H10: 0 | I10: 14 | J10: 13 | K10: 8 | L10: 4 | M10: 17 | N10: 8 | O10: 2 | P10: 6
A11: 45521 | B11: West Ham | C11: Aston Villa | D11: 1 | E11: 2 | F11: A | G11: 1 | H11: 1 | I11: 14 | J11: 15 | K11: 3 | L11: 3 | M11: 18 | N11: 11 | O11: 5 | P11: 3
A12: 45522 | B12: Brentford | C12: Crystal Palace | D12: 2 | E12: 1 | F12: H | G12: 1 | H12: 0 | I12: 9 | J12: 14 | K12: 5 | L12: 6 | M12: 6 | N12: 15 | O12: 4 | P12: 7
A13: 45522 | B13: Chelsea | C13: Man City | D13: 0 | E13: 2 | F13: A | G13: 0 | H13: 1 | I13: 10 | J13: 11 | K13: 3 | L13: 5 | M13: 12 | N13: 9 | O13: 4 | P13: 3
A14: 45523 | B14: Leicester | C14: Tottenham | D14: 1 | E14: 1 | F14: D | G14: 0 | H14: 1 | I14: 7 | J14: 15 | K14: 3 | L14: 7 | M14: 11 | N14: 12 | O14: 2 | P14: 13
A15: 45528 | B15: Brighton | C15: Man United | D15: 2 | E15: 1 | F15: H | G15: 1 | H15: 0 | I15: 14 | J15: 11 | K15: 5 | L15: 4 | M15: 9 | N15: 13 | O15: 4 | P15: 4
A16: 45528 | B16: Crystal Palace | C16: West Ham | D16: 0 | E16: 2 | F16: A | G16: 0 | H16: 0 | I16: 14 | J16: 18 | K16: 2 | L16: 3 | M16: 9 | N16: 17 | O16: 3 | P16: 3
... A384: 45802 | B384: Wolves | C384: Brentford | D384: 1 | E384: 1 | F384: D | G384: 0 | H384: 1 | I384: 18 | J384: 13 | K384: 6 | L384: 7 | M384: 7 | N384: 9 | O384: 8 | P384: 3

Sheet Team_Match_Data
A4: Date | B4: Team | C4: Opponent | D4: Goals for | E4: Goals against | F4: FTR | G4: Shots | H4: Shots_on_target | I4: Venue | J4: Points | K4: Results
A5: 45520 | B5: Man United | C5: Fulham | D5: 1 | E5: 0 | F5: H | G5: 14 | H5: 5 | I5: Home | J5: 3 | K5: W
A6: 45521 | B6: Ipswich | C6: Liverpool | D6: 0 | E6: 2 | F6: A | G6: 7 | H6: 2 | I6: Home | J6: 0 | K6: L
A7: 45521 | B7: Arsenal | C7: Wolves | D7: 2 | E7: 0 | F7: H | G7: 18 | H7: 6 | I7: Home | J7: 3 | K7: W
A8: 45521 | B8: Everton | C8: Brighton | D8: 0 | E8: 3 | F8: A | G8: 9 | H8: 1 | I8: Home | J8: 0 | K8: L
A9: 45521 | B9: Newcastle | C9: Southampton | D9: 1 | E9: 0 | F9: H | G9: 3 | H9: 1 | I9: Home | J9: 3 | K9: W
A10: 45521 | B10: Nott'm Forest | C10: Bournemouth | D10: 1 | E10: 1 | F10: D | G10: 14 | H10: 8 | I10: Home | J10: 1 | K10: D
A11: 45521 | B11: West Ham | C11: Aston Villa | D11: 1 | E11: 2 | F11: A | G11: 14 | H11: 3 | I11: Home | J11: 0 | K11: L
A12: 45522 | B12: Brentford | C12: Crystal Palace | D12: 2 | E12: 1 | F12: H | G12: 9 | H12: 5 | I12: Home | J12: 3 | K12: W
A13: 45522 | B13: Chelsea | C13: Man City | D13: 0 | E13: 2 | F13: A | G13: 10 | H13: 3 | I13: Home | J13: 0 | K13: L
A14: 45523 | B14: Leicester | C14: Tottenham | D14: 1 | E14: 1 | F14: D | G14: 7 | H14: 3 | I14: Home | J14: 1 | K14: D
A15: 45528 | B15: Brighton | C15: Man United | D15: 2 | E15: 1 | F15: H | G15: 14 | H15: 5 | I15: Home | J15: 3 | K15: W
A16: 45528 | B16: Crystal Palace | C16: West Ham | D16: 0 | E16: 2 | F16: A | G16: 14 | H16: 2 | I16: Home | J16: 0 | K16: L
... A764: 45802 | B764: Brentford | C764: Wolves | D764: 1 | E764: 1 | F764: D | G764: 13 | H764: 7 | I764: Away | J764: 1 | K764: D

Sheet Leauge_table 
A4: Team | B4: Matches Played | C4: GoalS for | D4: GoalS against | E4: GoalS difference | F4: Wins | G4: Draws | H4: losses | I4: Points | J4: Rank
A5: {=_xlfn.UNIQUE(Team_Match_Data!B5:B764)} -> Man United | B5: {=COUNTIFS(Team_Match_Data!$B$5:$B$764,_xlfn.ANCHORARRAY('Leauge_table '!A5))} -> 38 | C5: {=SUMIFS(Team_Match_Data!$D$5:$D$764,Team_Match_Data!$B$5:$B$764,_xlfn.ANCHORARRAY('Leauge_table '!A5))} -> 44 | D5: {=SUMIFS(Team_Match_Data!$E$5:$E$764,Team_Match_Data!$B$5:$B$764,_xlfn.ANCHORARRAY('Leauge_table '!$A$5))} -> 54 | E5: =$C5-$D5 -> -10 | F5: {=COUNTIFS(Team_Match_Data!$B$5:$B$764,_xlfn.ANCHORARRAY('Leauge_table '!$A$5),Team_Match_Data!$K$5:$K$764,"W")} -> 11 | G5: {=COUNTIFS(Team_Match_Data!$B$5:$B$764,_xlfn.ANCHORARRAY('Leauge_table '!$A$5),Team_Match_Data!$K$5:$K$764,"D")} -> 9 | H5: =B5-F5-G5 -> 18 | I5: {=SUMIFS(Team_Match_Data!$J$5:$J$764,Team_Match_Data!$B$5:$B$764,_xlfn.ANCHORARRAY('Leauge_table '!A5))} -> 42 | J5: =_xlfn.RANK.EQ($I5,_xlfn.ANCHORARRAY($I$5),0) -> 15
A6: Ipswich | B6: 38 | C6: 36 | D6: 82 | E6: =$C6-$D6 -> -46 | F6: 4 | G6: 10 | H6: =B6-F6-G6 -> 24 | I6: 22 | J6: =_xlfn.RANK.EQ($I6,_xlfn.ANCHORARRAY($I$5),0) -> 19
A7: Arsenal | B7: 38 | C7: 69 | D7: 34 | E7: =$C7-$D7 -> 35 | F7: 20 | G7: 14 | H7: =B7-F7-G7 -> 4 | I7: 74 | J7: =_xlfn.RANK.EQ($I7,_xlfn.ANCHORARRAY($I$5),0) -> 2
A8: Everton | B8: 38 | C8: 42 | D8: 44 | E8: =$C8-$D8 -> -2 | F8: 11 | G8: 15 | H8: =B8-F8-G8 -> 12 | I8: 48 | J8: =_xlfn.RANK.EQ($I8,_xlfn.ANCHORARRAY($I$5),0) -> 13
A9: Newcastle | B9: 38 | C9: 68 | D9: 47 | E9: =$C9-$D9 -> 21 | F9: 20 | G9: 6 | H9: =B9-F9-G9 -> 12 | I9: 66 | J9: =_xlfn.RANK.EQ($I9,_xlfn.ANCHORARRAY($I$5),0) -> 5
A10: Nott'm Forest | B10: 38 | C10: 58 | D10: 46 | E10: =$C10-$D10 -> 12 | F10: 19 | G10: 8 | H10: =B10-F10-G10 -> 11 | I10: 65 | J10: =_xlfn.RANK.EQ($I10,_xlfn.ANCHORARRAY($I$5),0) -> 7
A11: West Ham | B11: 38 | C11: 46 | D11: 62 | E11: =$C11-$D11 -> -16 | F11: 11 | G11: 10 | H11: =B11-F11-G11 -> 17 | I11: 43 | J11: =_xlfn.RANK.EQ($I11,_xlfn.ANCHORARRAY($I$5),0) -> 14
A12: Brentford | B12: 38 | C12: 66 | D12: 57 | E12: =$C12-$D12 -> 9 | F12: 16 | G12: 8 | H12: =B12-F12-G12 -> 14 | I12: 56 | J12: =_xlfn.RANK.EQ($I12,_xlfn.ANCHORARRAY($I$5),0) -> 9
A13: Chelsea | B13: 38 | C13: 64 | D13: 43 | E13: =$C13-$D13 -> 21 | F13: 20 | G13: 9 | H13: =B13-F13-G13 -> 9 | I13: 69 | J13: =_xlfn.RANK.EQ($I13,_xlfn.ANCHORARRAY($I$5),0) -> 4
A14: Leicester | B14: 38 | C14: 33 | D14: 80 | E14: =$C14-$D14 -> -47 | F14: 6 | G14: 7 | H14: =B14-F14-G14 -> 25 | I14: 25 | J14: =_xlfn.RANK.EQ($I14,_xlfn.ANCHORARRAY($I$5),0) -> 18
A15: Brighton | B15: 38 | C15: 66 | D15: 59 | E15: =$C15-$D15 -> 7 | F15: 16 | G15: 13 | H15: =B15-F15-G15 -> 9 | I15: 61 | J15: =_xlfn.RANK.EQ($I15,_xlfn.ANCHORARRAY($I$5),0) -> 8
A16: Crystal Palace | B16: 38 | C16: 51 | D16: 51 | E16: =$C16-$D16 -> 0 | F16: 13 | G16: 14 | H16: =B16-F16-G16 -> 11 | I16: 53 | J16: =_xlfn.RANK.EQ($I16,_xlfn.ANCHORARRAY($I$5),0) -> 12
A17: Fulham | B17: 38 | C17: 54 | D17: 54 | E17: =$C17-$D17 -> 0 | F17: 15 | G17: 9 | H17: =B17-F17-G17 -> 14 | I17: 54 | J17: =_xlfn.RANK.EQ($I17,_xlfn.ANCHORARRAY($I$5),0) -> 11
... A24: Liverpool | B24: 38 | C24: 86 | D24: 41 | E24: =$C24-$D24 -> 45 | F24: 25 | G24: 9 | H24: =B24-F24-G24 -> 4 | I24: 84 | J24: =_xlfn.RANK.EQ($I24,_xlfn.ANCHORARRAY($I$5),0) -> 1

Sheet Metric_Impact_Analysis
A4: Team | B4: Points | C4: Rank | D4: Goal_for | E4: Goal Against | F4: Goal Difference | G4: Wins
A5: {=_xlfn.ANCHORARRAY('Leauge_table '!A5)} -> Man United | B5: {=_xlfn.XLOOKUP(A5,_xlfn.ANCHORARRAY('Leauge_table '!$A$5),_xlfn.ANCHORARRAY('Leauge_table '!$I$5),,0)} -> 42 | C5: =_xlfn.RANK.EQ($B5,$B$5:$B$24,0) -> 15 | D5: {=_xlfn.XLOOKUP(A5,_xlfn.ANCHORARRAY('Leauge_table '!$A$5),_xlfn.ANCHORARRAY('Leauge_table '!$C$5),,0)} -> 44 | E5: {=_xlfn.XLOOKUP(A5,_xlfn.ANCHORARRAY('Leauge_table '!$A$5),_xlfn.ANCHORARRAY('Leauge_table '!$D$5),,0)} -> 54 | F5: =D5-E5 -> -10 | G5: {=_xlfn.XLOOKUP(A5,_xlfn.ANCHORARRAY('Leauge_table '!$A$5),_xlfn.ANCHORARRAY('Leauge_table '!$F$5),,0)} -> 11 | I5: Metric | J5: Correlation with Points | K5: Imapct
A6: Ipswich | B6: {=_xlfn.XLOOKUP(A6,_xlfn.ANCHORARRAY('Leauge_table '!$A$5),_xlfn.ANCHORARRAY('Leauge_table '!$I$5),,0)} -> 22 | C6: =_xlfn.RANK.EQ($B6,$B$5:$B$24,0) -> 19 | D6: {=_xlfn.XLOOKUP(A6,_xlfn.ANCHORARRAY('Leauge_table '!$A$5),_xlfn.ANCHORARRAY('Leauge_table '!$C$5),,0)} -> 36 | E6: {=_xlfn.XLOOKUP(A6,_xlfn.ANCHORARRAY('Leauge_table '!$A$5),_xlfn.ANCHORARRAY('Leauge_table '!$D$5),,0)} -> 82 | F6: =D6-E6 -> -46 | G6: {=_xlfn.XLOOKUP(A6,_xlfn.ANCHORARRAY('Leauge_table '!$A$5),_xlfn.ANCHORARRAY('Leauge_table '!$F$5),,0)} -> 4 | I6: Goals For | J6: =CORREL(D5:D24,B5:B24) -> 0.89266233 | K6: =IF(J6>0.7,"Strong impact",IF(J6<0.4,"Weak Impact","Moderate impact")) -> Strong impact
A7: Arsenal | B7: {=_xlfn.XLOOKUP(A7,_xlfn.ANCHORARRAY('Leauge_table '!$A$5),_xlfn.ANCHORARRAY('Leauge_table '!$I$5),,0)} -> 74 | C7: =_xlfn.RANK.EQ($B7,$B$5:$B$24,0) -> 2 | D7: {=_xlfn.XLOOKUP(A7,_xlfn.ANCHORARRAY('Leauge_table '!$A$5),_xlfn.ANCHORARRAY('Leauge_table '!$C$5),,0)} -> 69 | E7: {=_xlfn.XLOOKUP(A7,_xlfn.ANCHORARRAY('Leauge_table '!$A$5),_xlfn.ANCHORARRAY('Leauge_table '!$D$5),,0)} -> 34 | F7: =D7-E7 -> 35 | G7: {=_xlfn.XLOOKUP(A7,_xlfn.ANCHORARRAY('Leauge_table '!$A$5),_xlfn.ANCHORARRAY('Leauge_table '!$F$5),,0)} -> 20 | I7: Goals Against | J7: =CORREL(E5:E24,B5:B24) -> -0.90866289 | K7: =IF(J7>0.7,"Strong impact",IF(J7<0.4,"Weak Impact","Moderate impact")) -> Weak Impact
A8: Everton | B8: {=_xlfn.XLOOKUP(A8,_xlfn.ANCHORARRAY('Leauge_table '!$A$5),_xlfn.ANCHORARRAY('Leauge_table '!$I$5),,0)} -> 48 | C8: =_xlfn.RANK.EQ($B8,$B$5:$B$24,0) -> 13 | D8: {=_xlfn.XLOOKUP(A8,_xlfn.ANCHORARRAY('Leauge_table '!$A$5),_xlfn.ANCHORARRAY('Leauge_table '!$C$5),,0)} -> 42 | E8: {=_xlfn.XLOOKUP(A8,_xlfn.ANCHORARRAY('Leauge_table '!$A$5),_xlfn.ANCHORARRAY('Leauge_table '!$D$5),,0)} -> 44 | F8: =D8-E8 -> -2 | G8: {=_xlfn.XLOOKUP(A8,_xlfn.ANCHORARRAY('Leauge_table '!$A$5),_xlfn.ANCHORARRAY('Leauge_table '!$F$5),,0)} -> 11 | I8: Goal Difference | J8: =CORREL(F5:F24,B5:B24) -> 0.97009161 | K8: =IF(J8>0.7,"Strong impact",IF(J8<0.4,"Weak Impact","Moderate impact")) -> Strong impact
A9: Newcastle | B9: {=_xlfn.XLOOKUP(A9,_xlfn.ANCHORARRAY('Leauge_table '!$A$5),_xlfn.ANCHORARRAY('Leauge_table '!$I$5),,0)} -> 66 | C9: =_xlfn.RANK.EQ($B9,$B$5:$B$24,0) -> 5 | D9: {=_xlfn.XLOOKUP(A9,_xlfn.ANCHORARRAY('Leauge_table '!$A$5),_xlfn.ANCHORARRAY('Leauge_table '!$C$5),,0)} -> 68 | E9: {=_xlfn.XLOOKUP(A9,_xlfn.ANCHORARRAY('Leauge_table '!$A$5),_xlfn.ANCHORARRAY('Leauge_table '!$D$5),,0)} -> 47 | F9: =D9-E9 -> 21 | G9: {=_xlfn.XLOOKUP(A9,_xlfn.ANCHORARRAY('Leauge_table '!$A$5),_xlfn.ANCHORARRAY('Leauge_table '!$F$5),,0)} -> 20 | I9: Wins | J9: =CORREL(G5:G24,B5:B24) -> 0.98819593 | K9: =IF(J9>0.7,"Strong impact",IF(J9<0.4,"Weak Impact","Moderate impact")) -> Strong impact | M9: Value | N9: Interpretation | O9: Color
A10: Nott'm Forest | B10: {=_xlfn.XLOOKUP(A10,_xlfn.ANCHORARRAY('Leauge_table '!$A$5),_xlfn.ANCHORARRAY('Leauge_table '!$I$5),,0)} -> 65 | C10: =_xlfn.RANK.EQ($B10,$B$5:$B$24,0) -> 7 | D10: {=_xlfn.XLOOKUP(A10,_xlfn.ANCHORARRAY('Leauge_table '!$A$5),_xlfn.ANCHORARRAY('Leauge_table '!$C$5),,0)} -> 58 | E10: {=_xlfn.XLOOKUP(A10,_xlfn.ANCHORARRAY('Leauge_table '!$A$5),_xlfn.ANCHORARRAY('Leauge_table '!$D$5),,0)} -> 46 | F10: =D10-E10 -> 12 | G10: {=_xlfn.XLOOKUP(A10,_xlfn.ANCHORARRAY('Leauge_table '!$A$5),_xlfn.ANCHORARRAY('Leauge_table '!$F$5),,0)} -> 19 | M10: > 0.70 | N10: Strong impact
A11: West Ham | B11: {=_xlfn.XLOOKUP(A11,_xlfn.ANCHORARRAY('Leauge_table '!$A$5),_xlfn.ANCHORARRAY('Leauge_table '!$I$5),,0)} -> 43 | C11: =_xlfn.RANK.EQ($B11,$B$5:$B$24,0) -> 14 | D11: {=_xlfn.XLOOKUP(A11,_xlfn.ANCHORARRAY('Leauge_table '!$A$5),_xlfn.ANCHORARRAY('Leauge_table '!$C$5),,0)} -> 46 | E11: {=_xlfn.XLOOKUP(A11,_xlfn.ANCHORARRAY('Leauge_table '!$A$5),_xlfn.ANCHORARRAY('Leauge_table '!$D$5),,0)} -> 62 | F11: =D11-E11 -> -16 | G11: {=_xlfn.XLOOKUP(A11,_xlfn.ANCHORARRAY('Leauge_table '!$A$5),_xlfn.ANCHORARRAY('Leauge_table '!$F$5),,0)} -> 11 | M11: 0.40 – 0.70 | N11: Moderate impact
A12: Brentford | B12: {=_xlfn.XLOOKUP(A12,_xlfn.ANCHORARRAY('Leauge_table '!$A$5),_xlfn.ANCHORARRAY('Leauge_table '!$I$5),,0)} -> 56 | C12: =_xlfn.RANK.EQ($B12,$B$5:$B$24,0) -> 9 | D12: {=_xlfn.XLOOKUP(A12,_xlfn.ANCHORARRAY('Leauge_table '!$A$5),_xlfn.ANCHORARRAY('Leauge_table '!$C$5),,0)} -> 66 | E12: {=_xlfn.XLOOKUP(A12,_xlfn.ANCHORARRAY('Leauge_table '!$A$5),_xlfn.ANCHORARRAY('Leauge_table '!$D$5),,0)} -> 57 | F12: =D12-E12 -> 9 | G12: {=_xlfn.XLOOKUP(A12,_xlfn.ANCHORARRAY('Leauge_table '!$A$5),_xlfn.ANCHORARRAY('Leauge_table '!$F$5),,0)} -> 16 | M12: < 0.40 | N12: Weak impact
A13: Chelsea | B13: {=_xlfn.XLOOKUP(A13,_xlfn.ANCHORARRAY('Leauge_table '!$A$5),_xlfn.ANCHORARRAY('Leauge_table '!$I$5),,0)} -> 69 | C13: =_xlfn.RANK.EQ($B13,$B$5:$B$24,0) -> 4 | D13: {=_xlfn.XLOOKUP(A13,_xlfn.ANCHORARRAY('Leauge_table '!$A$5),_xlfn.ANCHORARRAY('Leauge_table '!$C$5),,0)} -> 64 | E13: {=_xlfn.XLOOKUP(A13,_xlfn.ANCHORARRAY('Leauge_table '!$A$5),_xlfn.ANCHORARRAY('Leauge_table '!$D$5),,0)} -> 43 | F13: =D13-E13 -> 21 | G13: {=_xlfn.XLOOKUP(A13,_xlfn.ANCHORARRAY('Leauge_table '!$A$5),_xlfn.ANCHORARRAY('Leauge_table '!$F$5),,0)} -> 20
A14: Leicester | B14: {=_xlfn.XLOOKUP(A14,_xlfn.ANCHORARRAY('Leauge_table '!$A$5),_xlfn.ANCHORARRAY('Leauge_table '!$I$5),,0)} -> 25 | C14: =_xlfn.RANK.EQ($B14,$B$5:$B$24,0) -> 18 | D14: {=_xlfn.XLOOKUP(A14,_xlfn.ANCHORARRAY('Leauge_table '!$A$5),_xlfn.ANCHORARRAY('Leauge_table '!$C$5),,0)} -> 33 | E14: {=_xlfn.XLOOKUP(A14,_xlfn.ANCHORARRAY('Leauge_table '!$A$5),_xlfn.ANCHORARRAY('Leauge_table '!$D$5),,0)} -> 80 | F14: =D14-E14 -> -47 | G14: {=_xlfn.XLOOKUP(A14,_xlfn.ANCHORARRAY('Leauge_table '!$A$5),_xlfn.ANCHORARRAY('Leauge_table '!$F$5),,0)} -> 6
A15: Brighton | B15: {=_xlfn.XLOOKUP(A15,_xlfn.ANCHORARRAY('Leauge_table '!$A$5),_xlfn.ANCHORARRAY('Leauge_table '!$I$5),,0)} -> 61 | C15: =_xlfn.RANK.EQ($B15,$B$5:$B$24,0) -> 8 | D15: {=_xlfn.XLOOKUP(A15,_xlfn.ANCHORARRAY('Leauge_table '!$A$5),_xlfn.ANCHORARRAY('Leauge_table '!$C$5),,0)} -> 66 | E15: {=_xlfn.XLOOKUP(A15,_xlfn.ANCHORARRAY('Leauge_table '!$A$5),_xlfn.ANCHORARRAY('Leauge_table '!$D$5),,0)} -> 59 | F15: =D15-E15 -> 7 | G15: {=_xlfn.XLOOKUP(A15,_xlfn.ANCHORARRAY('Leauge_table '!$A$5),_xlfn.ANCHORARRAY('Leauge_table '!$F$5),,0)} -> 16
A16: Crystal Palace | B16: {=_xlfn.XLOOKUP(A16,_xlfn.ANCHORARRAY('Leauge_table '!$A$5),_xlfn.ANCHORARRAY('Leauge_table '!$I$5),,0)} -> 53 | C16: =_xlfn.RANK.EQ($B16,$B$5:$B$24,0) -> 12 | D16: {=_xlfn.XLOOKUP(A16,_xlfn.ANCHORARRAY('Leauge_table '!$A$5),_xlfn.ANCHORARRAY('Leauge_table '!$C$5),,0)} -> 51 | E16: {=_xlfn.XLOOKUP(A16,_xlfn.ANCHORARRAY('Leauge_table '!$A$5),_xlfn.ANCHORARRAY('Leauge_table '!$D$5),,0)} -> 51 | F16: =D16-E16 -> 0 | G16: {=_xlfn.XLOOKUP(A16,_xlfn.ANCHORARRAY('Leauge_table '!$A$5),_xlfn.ANCHORARRAY('Leauge_table '!$F$5),,0)} -> 13
A17: Fulham | B17: {=_xlfn.XLOOKUP(A17,_xlfn.ANCHORARRAY('Leauge_table '!$A$5),_xlfn.ANCHORARRAY('Leauge_table '!$I$5),,0)} -> 54 | C17: =_xlfn.RANK.EQ($B17,$B$5:$B$24,0) -> 11 | D17: {=_xlfn.XLOOKUP(A17,_xlfn.ANCHORARRAY('Leauge_table '!$A$5),_xlfn.ANCHORARRAY('Leauge_table '!$C$5),,0)} -> 54 | E17: {=_xlfn.XLOOKUP(A17,_xlfn.ANCHORARRAY('Leauge_table '!$A$5),_xlfn.ANCHORARRAY('Leauge_table '!$D$5),,0)} -> 54 | F17: =D17-E17 -> 0 | G17: {=_xlfn.XLOOKUP(A17,_xlfn.ANCHORARRAY('Leauge_table '!$A$5),_xlfn.ANCHORARRAY('Leauge_table '!$F$5),,0)} -> 15
A18: Man City | B18: {=_xlfn.XLOOKUP(A18,_xlfn.ANCHORARRAY('Leauge_table '!$A$5),_xlfn.ANCHORARRAY('Leauge_table '!$I$5),,0)} -> 71 | C18: =_xlfn.RANK.EQ($B18,$B$5:$B$24,0) -> 3 | D18: {=_xlfn.XLOOKUP(A18,_xlfn.ANCHORARRAY('Leauge_table '!$A$5),_xlfn.ANCHORARRAY('Leauge_table '!$C$5),,0)} -> 72 | E18: {=_xlfn.XLOOKUP(A18,_xlfn.ANCHORARRAY('Leauge_table '!$A$5),_xlfn.ANCHORARRAY('Leauge_table '!$D$5),,0)} -> 44 | F18: =D18-E18 -> 28 | G18: {=_xlfn.XLOOKUP(A18,_xlfn.ANCHORARRAY('Leauge_table '!$A$5),_xlfn.ANCHORARRAY('Leauge_table '!$F$5),,0)} -> 21
A19: Southampton | B19: {=_xlfn.XLOOKUP(A19,_xlfn.ANCHORARRAY('Leauge_table '!$A$5),_xlfn.ANCHORARRAY('Leauge_table '!$I$5),,0)} -> 12 | C19: =_xlfn.RANK.EQ($B19,$B$5:$B$24,0) -> 20 | D19: {=_xlfn.XLOOKUP(A19,_xlfn.ANCHORARRAY('Leauge_table '!$A$5),_xlfn.ANCHORARRAY('Leauge_table '!$C$5),,0)} -> 26 | E19: {=_xlfn.XLOOKUP(A19,_xlfn.ANCHORARRAY('Leauge_table '!$A$5),_xlfn.ANCHORARRAY('Leauge_table '!$D$5),,0)} -> 86 | F19: =D19-E19 -> -60 | G19: {=_xlfn.XLOOKUP(A19,_xlfn.ANCHORARRAY('Leauge_table '!$A$5),_xlfn.ANCHORARRAY('Leauge_table '!$F$5),,0)} -> 2
A20: Tottenham | B20: {=_xlfn.XLOOKUP(A20,_xlfn.ANCHORARRAY('Leauge_table '!$A$5),_xlfn.ANCHORARRAY('Leauge_table '!$I$5),,0)} -> 38 | C20: =_xlfn.RANK.EQ($B20,$B$5:$B$24,0) -> 17 | D20: {=_xlfn.XLOOKUP(A20,_xlfn.ANCHORARRAY('Leauge_table '!$A$5),_xlfn.ANCHORARRAY('Leauge_table '!$C$5),,0)} -> 64 | E20: {=_xlfn.XLOOKUP(A20,_xlfn.ANCHORARRAY('Leauge_table '!$A$5),_xlfn.ANCHORARRAY('Leauge_table '!$D$5),,0)} -> 65 | F20: =D20-E20 -> -1 | G20: {=_xlfn.XLOOKUP(A20,_xlfn.ANCHORARRAY('Leauge_table '!$A$5),_xlfn.ANCHORARRAY('Leauge_table '!$F$5),,0)} -> 11
A21: Aston Villa | B21: {=_xlfn.XLOOKUP(A21,_xlfn.ANCHORARRAY('Leauge_table '!$A$5),_xlfn.ANCHORARRAY('Leauge_table '!$I$5),,0)} -> 66 | C21: =_xlfn.RANK.EQ($B21,$B$5:$B$24,0) -> 5 | D21: {=_xlfn.XLOOKUP(A21,_xlfn.ANCHORARRAY('Leauge_table '!$A$5),_xlfn.ANCHORARRAY('Leauge_table '!$C$5),,0)} -> 58 | E21: {=_xlfn.XLOOKUP(A21,_xlfn.ANCHORARRAY('Leauge_table '!$A$5),_xlfn.ANCHORARRAY('Leauge_table '!$D$5),,0)} -> 51 | F21: =D21-E21 -> 7 | G21: {=_xlfn.XLOOKUP(A21,_xlfn.ANCHORARRAY('Leauge_table '!$A$5),_xlfn.ANCHORARRAY('Leauge_table '!$F$5),,0)} -> 19
A22: Bournemouth | B22: {=_xlfn.XLOOKUP(A22,_xlfn.ANCHORARRAY('Leauge_table '!$A$5),_xlfn.ANCHORARRAY('Leauge_table '!$I$5),,0)} -> 56 | C22: =_xlfn.RANK.EQ($B22,$B$5:$B$24,0) -> 9 | D22: {=_xlfn.XLOOKUP(A22,_xlfn.ANCHORARRAY('Leauge_table '!$A$5),_xlfn.ANCHORARRAY('Leauge_table '!$C$5),,0)} -> 58 | E22: {=_xlfn.XLOOKUP(A22,_xlfn.ANCHORARRAY('Leauge_table '!$A$5),_xlfn.ANCHORARRAY('Leauge_table '!$D$5),,0)} -> 46 | F22: =D22-E22 -> 12 | G22: {=_xlfn.XLOOKUP(A22,_xlfn.ANCHORARRAY('Leauge_table '!$A$5),_xlfn.ANCHORARRAY('Leauge_table '!$F$5),,0)} -> 15
A23: Wolves | B23: {=_xlfn.XLOOKUP(A23,_xlfn.ANCHORARRAY('Leauge_table '!$A$5),_xlfn.ANCHORARRAY('Leauge_table '!$I$5),,0)} -> 42 | C23: =_xlfn.RANK.EQ($B23,$B$5:$B$24,0) -> 15 | D23: {=_xlfn.XLOOKUP(A23,_xlfn.ANCHORARRAY('Leauge_table '!$A$5),_xlfn.ANCHORARRAY('Leauge_table '!$C$5),,0)} -> 54 | E23: {=_xlfn.XLOOKUP(A23,_xlfn.ANCHORARRAY('Leauge_table '!$A$5),_xlfn.ANCHORARRAY('Leauge_table '!$D$5),,0)} -> 69 | F23: =D23-E23 -> -15 | G23: {=_xlfn.XLOOKUP(A23,_xlfn.ANCHORARRAY('Leauge_table '!$A$5),_xlfn.ANCHORARRAY('Leauge_table '!$F$5),,0)} -> 12
A24: Liverpool | B24: {=_xlfn.XLOOKUP(A24,_xlfn.ANCHORARRAY('Leauge_table '!$A$5),_xlfn.ANCHORARRAY('Leauge_table '!$I$5),,0)} -> 84 | C24: =_xlfn.RANK.EQ($B24,$B$5:$B$24,0) -> 1 | D24: {=_xlfn.XLOOKUP(A24,_xlfn.ANCHORARRAY('Leauge_table '!$A$5),_xlfn.ANCHORARRAY('Leauge_table '!$C$5),,0)} -> 86 | E24: {=_xlfn.XLOOKUP(A24,_xlfn.ANCHORARRAY('Leauge_table '!$A$5),_xlfn.ANCHORARRAY('Leauge_table '!$D$5),,0)} -> 41 | F24: =D24-E24 -> 45 | G24: {=_xlfn.XLOOKUP(A24,_xlfn.ANCHORARRAY('Leauge_table '!$A$5),_xlfn.ANCHORARRAY('Leauge_table '!$F$5),,0)} -> 25

Sheet sports_analytics_01
A9: Normalized GF | B9: Normalized GA | C9: Normalized GD | D9: Normalized Wins | L9: Team | M9: Performance | N9: Model_rank
A10: {=(Metric_Impact_Analysis!D5:D24-MIN(Metric_Impact_Analysis!D5:D24))/(MAX(Metric_Impact_Analysis!D5:D24)-MIN(Metric_Impact_Analysis!D5:D24))} -> 0.3 | B10: {=(MAX(Metric_Impact_Analysis!E5:E24)-Metric_Impact_Analysis!E5:E24)/(MAX(Metric_Impact_Analysis!E5:E24)-MIN(Metric_Impact_Analysis!E5:E24))} -> 0.61538462 | C10: {=(Metric_Impact_Analysis!F5:F24-MIN(Metric_Impact_Analysis!F5:F24))/(MAX(Metric_Impact_Analysis!F5:F24)-MIN(Metric_Impact_Analysis!F5:F24))} -> 0.47619048 | D10: {=(Metric_Impact_Analysis!G5:G24-MIN(Metric_Impact_Analysis!G5:G24))/(MAX(Metric_Impact_Analysis!G5:G24)-MIN(Metric_Impact_Analysis!G5:G24))} -> 0.39130435 | L10: {=_xlfn.ANCHORARRAY(Metric_Impact_Analysis!A5)} -> Man United | M10: =0.4*C10+0.3*D10+0.2*A10+0.1*B10 -> 0.42940596 | N10: {=_xlfn.RANK.EQ(M10:M29,M10:M29,0)} -> 15
A11: 0.16666667 | B11: 0.076923077 | C11: 0.13333333 | D11: 0.086956522 | L11: Ipswich | M11: =0.4*C11+0.3*D11+0.2*A11+0.1*B11 -> 0.12044593 | N11: 19
A12: 0.71666667 | B12: 1 | C12: 0.9047619 | D12: 0.7826087 | L12: Arsenal | M12: =0.4*C12+0.3*D12+0.2*A12+0.1*B12 -> 0.8400207 | N12: 2
A13: 0.26666667 | B13: 0.80769231 | C13: 0.55238095 | D13: 0.39130435 | L13: Everton | M13: =0.4*C13+0.3*D13+0.2*A13+0.1*B13 -> 0.47244625 | N13: 14
A14: 0.7 | B14: 0.75 | C14: 0.77142857 | D14: 0.7826087 | L14: Newcastle | M14: =0.4*C14+0.3*D14+0.2*A14+0.1*B14 -> 0.75835404 | N14: 4
A15: 0.53333333 | B15: 0.76923077 | C15: 0.68571429 | D15: 0.73913043 | L15: Nott'm Forest | M15: =0.4*C15+0.3*D15+0.2*A15+0.1*B15 -> 0.67961459 | N15: 6
A16: 0.33333333 | B16: 0.46153846 | C16: 0.41904762 | D16: 0.39130435 | L16: West Ham | M16: =0.4*C16+0.3*D16+0.2*A16+0.1*B16 -> 0.39783086 | N16: 17
A17: 0.66666667 | B17: 0.55769231 | C17: 0.65714286 | D17: 0.60869565 | L17: Brentford | M17: =0.4*C17+0.3*D17+0.2*A17+0.1*B17 -> 0.6345684 | N17: 8
A18: 0.63333333 | B18: 0.82692308 | C18: 0.77142857 | D18: 0.7826087 | L18: Chelsea | M18: =0.4*C18+0.3*D18+0.2*A18+0.1*B18 -> 0.75271301 | N18: 5
A19: 0.11666667 | B19: 0.11538462 | C19: 0.12380952 | D19: 0.17391304 | L19: Leicester | M19: =0.4*C19+0.3*D19+0.2*A19+0.1*B19 -> 0.13656952 | N19: 18
A20: 0.66666667 | B20: 0.51923077 | C20: 0.63809524 | D20: 0.60869565 | L20: Brighton | M20: =0.4*C20+0.3*D20+0.2*A20+0.1*B20 -> 0.6231032 | N20: 10
A21: 0.41666667 | B21: 0.67307692 | C21: 0.57142857 | D21: 0.47826087 | L21: Crystal Palace | M21: =0.4*C21+0.3*D21+0.2*A21+0.1*B21 -> 0.52269072 | N21: 12
A22: 0.46666667 | B22: 0.61538462 | C22: 0.57142857 | D22: 0.56521739 | L22: Fulham | M22: =0.4*C22+0.3*D22+0.2*A22+0.1*B22 -> 0.55300844 | N22: 11
... A29: 1 | B29: 0.86538462 | C29: 1 | D29: 1 | L29: Liverpool | M29: =0.4*C29+0.3*D29+0.2*A29+0.1*B29 -> 0.98653846 | N29: 1

Sheet Home_Away_Analysis
A4: Team | B4: Home Points | C4: Away Points | D4: Total Points | E4: % Home Dependence | G4: % Home Dependence | H4: Interpretation
A5: {=_xlfn.ANCHORARRAY('Leauge_table '!A5)} -> Man United | B5: {=SUMIFS(Team_Match_Data!$J$5:$J$764,Team_Match_Data!$B$5:$B$764,_xlfn.ANCHORARRAY(Home_Away_Analysis!A5),Team_Match_Data!$I$5:$I$764,"Home")} -> 24 | C5: {=SUMIFS(Team_Match_Data!$J$5:$J$764,Team_Match_Data!$B$5:$B$764,_xlfn.ANCHORARRAY(Home_Away_Analysis!$A$5),Team_Match_Data!$I$5:$I$764,"Away")} -> 18 | D5: =B5+C5 -> 42 | E5: =B5/D5 -> 0.57142857 | G5: > 65% | H5: Strong Home Dependence
A6: Ipswich | B6: 7 | C6: 15 | D6: =B6+C6 -> 22 | E6: =B6/D6 -> 0.31818182 | G6: 50% – 65% | H6: Balanced
A7: Arsenal | B7: 39 | C7: 35 | D7: =B7+C7 -> 74 | E7: =B7/D7 -> 0.52702703 | G7: < 50% | H7: Strong Away Performer
A8: Everton | B8: 24 | C8: 24 | D8: =B8+C8 -> 48 | E8: =B8/D8 -> 0.5
A9: Newcastle | B9: 38 | C9: 28 | D9: =B9+C9 -> 66 | E9: =B9/D9 -> 0.57575758
A10: Nott'm Forest | B10: 32 | C10: 33 | D10: =B10+C10 -> 65 | E10: =B10/D10 -> 0.49230769
A11: West Ham | B11: 20 | C11: 23 | D11: =B11+C11 -> 43 | E11: =B11/D11 -> 0.46511628
A12: Brentford | B12: 31 | C12: 25 | D12: =B12+C12 -> 56 | E12: =B12/D12 -> 0.55357143
A13: Chelsea | B13: 41 | C13: 28 | D13: =B13+C13 -> 69 | E13: =B13/D13 -> 0.5942029
A14: Leicester | B14: 15 | C14: 10 | D14: =B14+C14 -> 25 | E14: =B14/D14 -> 0.6
A15: Brighton | B15: 32 | C15: 29 | D15: =B15+C15 -> 61 | E15: =B15/D15 -> 0.52459016
A16: Crystal Palace | B16: 25 | C16: 28 | D16: =B16+C16 -> 53 | E16: =B16/D16 -> 0.47169811
A17: Fulham | B17: 26 | C17: 28 | D17: =B17+C17 -> 54 | E17: =B17/D17 -> 0.48148148
A18: Man City | B18: 42 | C18: 29 | D18: =B18+C18 -> 71 | E18: =B18/D18 -> 0.5915493
A19: Southampton | B19: 6 | C19: 6 | D19: =B19+C19 -> 12 | E19: =B19/D19 -> 0.5
... A24: Liverpool | B24: 46 | C24: 38 | D24: =B24+C24 -> 84 | E24: =B24/D24 -> 0.54761905

Sheet DASHBOARD
A5: LEAGUE WINNER | F5: HIGHEST POINTS | K5: MOST GOALS SCORED | P5: BEST DEFENCE | U5: HIGHEST PERFORMANCE SCORE
A6: =INDEX(_xlfn.ANCHORARRAY(sports_analytics_01!$L$10),MATCH(1,_xlfn.ANCHORARRAY(sports_analytics_01!$N$10),0)) -> Liverpool | F6: =MAX(_xlfn.ANCHORARRAY('Leauge_table '!I5)) -> 84 | K6: =MAX(_xlfn.ANCHORARRAY('Leauge_table '!C5)) -> 86 | P6: =MIN(_xlfn.ANCHORARRAY('Leauge_table '!D5)) -> 34 | U6: =MAX(sports_analytics_01!M10:M29) -> 0.98653846
F7: =INDEX(_xlfn.ANCHORARRAY('Leauge_table '!$A$5),MATCH(MAX(_xlfn.ANCHORARRAY('Leauge_table '!$I$5)),_xlfn.ANCHORARRAY('Leauge_table '!$I$5),0)) -> Liverpool | K7: =INDEX(_xlfn.ANCHORARRAY('Leauge_table '!$A$5),MATCH(MAX(_xlfn.ANCHORARRAY('Leauge_table '!$C$5)),_xlfn.ANCHORARRAY('Leauge_table '!$C$5),0)) -> Liverpool | P7: =INDEX(_xlfn.ANCHORARRAY('Leauge_table '!$A$5),MATCH(MIN(_xlfn.ANCHORARRAY('Leauge_table '!$D$5)),_xlfn.ANCHORARRAY('Leauge_table '!$D$5),0)) -> Arsenal | U7: =INDEX(_xlfn.ANCHORARRAY(sports_analytics_01!$L$10),MATCH(MAX(sports_analytics_01!$M$10:$M$29),sports_analytics_01!$M$10:$M$29,0)) -> Liverpool
V9: Team | W9: League Rank | X9: Model Rank
V10: {=_xlfn.ANCHORARRAY('Leauge_table '!A5)} -> Man United | W10: {=_xlfn.XLOOKUP(V10,_xlfn.ANCHORARRAY('Leauge_table '!$A$5),'Leauge_table '!$J$5:$J$24,,0)} -> 15 | X10: {=_xlfn.ANCHORARRAY(sports_analytics_01!N10)} -> 15
V11: Ipswich | W11: {=_xlfn.XLOOKUP(V11,_xlfn.ANCHORARRAY('Leauge_table '!$A$5),'Leauge_table '!$J$5:$J$24,,0)} -> 19 | X11: 19
V12: Arsenal | W12: {=_xlfn.XLOOKUP(V12,_xlfn.ANCHORARRAY('Leauge_table '!$A$5),'Leauge_table '!$J$5:$J$24,,0)} -> 2 | X12: 2
V13: Everton | W13: {=_xlfn.XLOOKUP(V13,_xlfn.ANCHORARRAY('Leauge_table '!$A$5),'Leauge_table '!$J$5:$J$24,,0)} -> 13 | X13: 14
V14: Newcastle | W14: {=_xlfn.XLOOKUP(V14,_xlfn.ANCHORARRAY('Leauge_table '!$A$5),'Leauge_table '!$J$5:$J$24,,0)} -> 5 | X14: 4
V15: Nott'm Forest | W15: {=_xlfn.XLOOKUP(V15,_xlfn.ANCHORARRAY('Leauge_table '!$A$5),'Leauge_table '!$J$5:$J$24,,0)} -> 7 | X15: 6
V16: West Ham | W16: {=_xlfn.XLOOKUP(V16,_xlfn.ANCHORARRAY('Leauge_table '!$A$5),'Leauge_table '!$J$5:$J$24,,0)} -> 14 | X16: 17
V17: Brentford | W17: {=_xlfn.XLOOKUP(V17,_xlfn.ANCHORARRAY('Leauge_table '!$A$5),'Leauge_table '!$J$5:$J$24,,0)} -> 9 | X17: 8
V18: Chelsea | W18: {=_xlfn.XLOOKUP(V18,_xlfn.ANCHORARRAY('Leauge_table '!$A$5),'Leauge_table '!$J$5:$J$24,,0)} -> 4 | X18: 5
V19: Leicester | W19: {=_xlfn.XLOOKUP(V19,_xlfn.ANCHORARRAY('Leauge_table '!$A$5),'Leauge_table '!$J$5:$J$24,,0)} -> 18 | X19: 18
V20: Brighton | W20: {=_xlfn.XLOOKUP(V20,_xlfn.ANCHORARRAY('Leauge_table '!$A$5),'Leauge_table '!$J$5:$J$24,,0)} -> 8 | X20: 10
V21: Crystal Palace | W21: {=_xlfn.XLOOKUP(V21,_xlfn.ANCHORARRAY('Leauge_table '!$A$5),'Leauge_table '!$J$5:$J$24,,0)} -> 12 | X21: 12
V22: Fulham | W22: {=_xlfn.XLOOKUP(V22,_xlfn.ANCHORARRAY('Leauge_table '!$A$5),'Leauge_table '!$J$5:$J$24,,0)} -> 11 | X22: 11
... V29: Liverpool | W29: {=_xlfn.XLOOKUP(V29,_xlfn.ANCHORARRAY('Leauge_table '!$A$5),'Leauge_table '!$J$5:$J$24,,0)} -> 1 | X29: 1
